package_external_id,package_name,product_external_id,product_name,product_required,sku_external_id,sku_manufacturer_id,sku_description,sku_hcpcs,attr1_name,attr1_value,attr2_name,attr2_value,attr3_name,attr3_value,attr4_name,attr4_value,attr5_name,attr5_value,attr6_name,attr6_value,attr7_name,attr7_value,attr8_name,attr8_value,attr9_name,attr9_value,attr10_name,attr10_value
2B-3TJS-NH8FV-AR,Home Blood Glucose Monitor Package (Diabetes),8M-FX-BNMN7-S043,Pen Needles (Diabetes),FALSE,K7AJ-LZ5-EDBZ-X1,,"Pen Needles (Diabetes), Size to Patient Preference",A4215,,,,,,,,,,,,,,,,,,,,
2B-3TJS-NH8FV-AR,Home Blood Glucose Monitor Package (Diabetes),8M-FX-BNMN7-S043,Pen Needles (Diabetes),FALSE,MY7N-86-934K-BPB,,Pen Needles (Diabetes),A4215,,,,,,,,,,,,,,,,,,,,
2B-3TJS-NH8FV-AR,Home Blood Glucose Monitor Package (Diabetes),8M-FX-BNMN7-S043,Pen Needles (Diabetes),FALSE,PB9-ZYAM-EMEB-8T,,Pen Needles (Diabetes),PNDLE,,,,,,,,,,,,,,,,,,,,
2B-3TJS-NH8FV-AR,Home Blood Glucose Monitor Package (Diabetes),E8YAZ-3F0N4-KIYV,Blood Glucose Test Strips.,FALSE,29RFL-8D-DC-TXR9,,"Blood Glucose Test Strips, Box (50), 10 Test/Day",A4253,Blood Sugar Test Frequency (Daily),10,Test Strips Unit,Box (50),,,,,,,,,,,,,,,,
2B-3TJS-NH8FV-AR,Home Blood Glucose Monitor Package (Diabetes),E8YAZ-3F0N4-KIYV,Blood Glucose Test Strips.,FALSE,3TKQ-LZF-LE8M-5R,,"Blood Glucose Test Strips, Box (50), 2 Test/Day",A4253,Blood Sugar Test Frequency (Daily),2,Test Strips Unit,Box (50),,,,,,,,,,,,,,,,
2B-3TJS-NH8FV-AR,Home Blood Glucose Monitor Package (Diabetes),E8YAZ-3F0N4-KIYV,Blood Glucose Test Strips.,FALSE,6DY-QRT-HVF-DPE7,,"Blood Glucose Test Strips, Box (50), 6 Test/Day",A4253,Blood Sugar Test Frequency (Daily),6,Test Strips Unit,Box (50),,,,,,,,,,,,,,,,
2B-3TJS-NH8FV-AR,Home Blood Glucose Monitor Package (Diabetes),E8YAZ-3F0N4-KIYV,Blood Glucose Test Strips.,FALSE,8DZ-78U0-3RXF-3B,,"Blood Glucose Test Strips, Box (50), 8 Test/Day",A4253,Blood Sugar Test Frequency (Daily),8,Test Strips Unit,Box (50),,,,,,,,,,,,,,,,
2B-3TJS-NH8FV-AR,Home Blood Glucose Monitor Package (Diabetes),E8YAZ-3F0N4-KIYV,Blood Glucose Test Strips.,FALSE,8M5MD-J7G0V-K0IS,,"Blood Glucose Test Strips, Box (50), 15 Test/Day",A4253,Blood Sugar Test Frequency (Daily),15,Test Strips Unit,Box (50),,,,,,,,,,,,,,,,
2B-3TJS-NH8FV-AR,Home Blood Glucose Monitor Package (Diabetes),E8YAZ-3F0N4-KIYV,Blood Glucose Test Strips.,FALSE,9NU7-GI-M7N1-PVI,,"Blood Glucose Test Strips, Box (50), 9 Test/Day",A4253,Blood Sugar Test Frequency (Daily),9,Test Strips Unit,Box (50),,,,,,,,,,,,,,,,
2B-3TJS-NH8FV-AR,Home Blood Glucose Monitor Package (Diabetes),E8YAZ-3F0N4-KIYV,Blood Glucose Test Strips.,FALSE,ARE-5LF-4PYT-HVT,,"Blood Glucose Test Strips, Box (50), 1 Test/Day",A4253,Blood Sugar Test Frequency (Daily),1,Test Strips Unit,Box (50),,,,,,,,,,,,,,,,
2B-3TJS-NH8FV-AR,Home Blood Glucose Monitor Package (Diabetes),E8YAZ-3F0N4-KIYV,Blood Glucose Test Strips.,FALSE,C0T-ZT-L6BXU-KD5,,"Blood Glucose Test Strips, Box (50), 4 Test/Day",A4253,Blood Sugar Test Frequency (Daily),4,Test Strips Unit,Box (50),,,,,,,,,,,,,,,,
2B-3TJS-NH8FV-AR,Home Blood Glucose Monitor Package (Diabetes),E8YAZ-3F0N4-KIYV,Blood Glucose Test Strips.,FALSE,F6LB-QUY-9258-IN,,"Blood Glucose Test Strips, Box (50), 12 Test/Day",A4253,Blood Sugar Test Frequency (Daily),12,Test Strips Unit,Box (50),,,,,,,,,,,,,,,,
2B-3TJS-NH8FV-AR,Home Blood Glucose Monitor Package (Diabetes),E8YAZ-3F0N4-KIYV,Blood Glucose Test Strips.,FALSE,FVH-JC-EHC-XCBD3,,"Blood Glucose Test Strips, Box (50), 13 Test/Day",A4253,Blood Sugar Test Frequency (Daily),13,Test Strips Unit,Box (50),,,,,,,,,,,,,,,,
2B-3TJS-NH8FV-AR,Home Blood Glucose Monitor Package (Diabetes),E8YAZ-3F0N4-KIYV,Blood Glucose Test Strips.,FALSE,ID9-TC-YHMUV-KJB,,"Blood Glucose Test Strips, Box (50), 14 Test/Day",A4253,Blood Sugar Test Frequency (Daily),14,Test Strips Unit,Box (50),,,,,,,,,,,,,,,,
2B-3TJS-NH8FV-AR,Home Blood Glucose Monitor Package (Diabetes),E8YAZ-3F0N4-KIYV,Blood Glucose Test Strips.,FALSE,N38-EC2D-S5R-VPB,,"Blood Glucose Test Strips, Box (50), 3 Test/Day",A4253,Blood Sugar Test Frequency (Daily),3,Test Strips Unit,Box (50),,,,,,,,,,,,,,,,
2B-3TJS-NH8FV-AR,Home Blood Glucose Monitor Package (Diabetes),E8YAZ-3F0N4-KIYV,Blood Glucose Test Strips.,FALSE,PLRP7-ULXVR-1U0G,,"Blood Glucose Test Strips, Box (50), 7 Test/Day",A4253,Blood Sugar Test Frequency (Daily),7,Test Strips Unit,Box (50),,,,,,,,,,,,,,,,
2B-3TJS-NH8FV-AR,Home Blood Glucose Monitor Package (Diabetes),E8YAZ-3F0N4-KIYV,Blood Glucose Test Strips.,FALSE,PM1C-IJ-CQHZ9-CR,,"Blood Glucose Test Strips, Box (50), 11 Test/Day",A4253,Blood Sugar Test Frequency (Daily),11,Test Strips Unit,Box (50),,,,,,,,,,,,,,,,
2B-3TJS-NH8FV-AR,Home Blood Glucose Monitor Package (Diabetes),E8YAZ-3F0N4-KIYV,Blood Glucose Test Strips.,FALSE,SX-SD2-JS-K14-0G,,"Blood Glucose Test Strips, Box (50), 5 Test/Day",A4253,Blood Sugar Test Frequency (Daily),5,Test Strips Unit,Box (50),,,,,,,,,,,,,,,,
2B-3TJS-NH8FV-AR,Home Blood Glucose Monitor Package (Diabetes),H85S-E7-RY8-I81G,Glucose Control Solution,FALSE,24F-RN-ZLU-GY4P5,,Glucose Control Solution,A4256,,,,,,,,,,,,,,,,,,,,
2B-3TJS-NH8FV-AR,Home Blood Glucose Monitor Package (Diabetes),H85S-E7-RY8-I81G,Glucose Control Solution,FALSE,4X-YZP8-C0ZS-3J2,,"Glucose Control Solution, 4 per year",A4256,,,,,,,,,,,,,,,,,,,,
2B-3TJS-NH8FV-AR,Home Blood Glucose Monitor Package (Diabetes),H85S-E7-RY8-I81G,Glucose Control Solution,FALSE,ABK0L-JVR5H-NDG7,,Glucose Control Solution (CGM),CONSOL,,,,,,,,,,,,,,,,,,,,
2B-3TJS-NH8FV-AR,Home Blood Glucose Monitor Package (Diabetes),H85S-E7-RY8-I81G,Glucose Control Solution,FALSE,I79-Q1DK-5653-R3,,Glucose Control Solution (CGM),CONSOL,,,,,,,,,,,,,,,,,,,,
2B-3TJS-NH8FV-AR,Home Blood Glucose Monitor Package (Diabetes),IGKER-6B4-VF-0LN,Lancets.,FALSE,02M-BNHK-HQ-2JNZ,,"Lancets, Box (100), 4 Test/Day",A4259,Blood Sugar Test Frequency (Daily),4,Lancets Unit,Box (100),,,,,,,,,,,,,,,,
2B-3TJS-NH8FV-AR,Home Blood Glucose Monitor Package (Diabetes),IGKER-6B4-VF-0LN,Lancets.,FALSE,1Y-8VUD-08-T9PY5,,"Lancets, Box (100), 3 Test/Day",A4259,Blood Sugar Test Frequency (Daily),3,Lancets Unit,Box (100),,,,,,,,,,,,,,,,
2B-3TJS-NH8FV-AR,Home Blood Glucose Monitor Package (Diabetes),IGKER-6B4-VF-0LN,Lancets.,FALSE,4N94-SX-INPGF-3Y,,"Lancets, Box (100), 7 Test/Day",A4259,Blood Sugar Test Frequency (Daily),7,Lancets Unit,Box (100),,,,,,,,,,,,,,,,
2B-3TJS-NH8FV-AR,Home Blood Glucose Monitor Package (Diabetes),IGKER-6B4-VF-0LN,Lancets.,FALSE,5FVZ-CL-CD1-ND21,,"Lancets, Box (100), 13 Test/Day",A4259,Blood Sugar Test Frequency (Daily),13,Lancets Unit,Box (100),,,,,,,,,,,,,,,,
2B-3TJS-NH8FV-AR,Home Blood Glucose Monitor Package (Diabetes),IGKER-6B4-VF-0LN,Lancets.,FALSE,6LQP-GX-X3MH4-X2,,"Lancets, Box (100), 5 Test/Day",A4259,Blood Sugar Test Frequency (Daily),5,Lancets Unit,Box (100),,,,,,,,,,,,,,,,
2B-3TJS-NH8FV-AR,Home Blood Glucose Monitor Package (Diabetes),IGKER-6B4-VF-0LN,Lancets.,FALSE,71-IN-AU-7G0-CSU,,"Lancets, Box (100), 11 Test/Day",A4259,Blood Sugar Test Frequency (Daily),11,Lancets Unit,Box (100),,,,,,,,,,,,,,,,
2B-3TJS-NH8FV-AR,Home Blood Glucose Monitor Package (Diabetes),IGKER-6B4-VF-0LN,Lancets.,FALSE,84-ILZJK-23U-M3C,,"Lancets, Box (100), 2 Test/Day",A4259,Blood Sugar Test Frequency (Daily),2,Lancets Unit,Box (100),,,,,,,,,,,,,,,,
2B-3TJS-NH8FV-AR,Home Blood Glucose Monitor Package (Diabetes),IGKER-6B4-VF-0LN,Lancets.,FALSE,9X-TEU-UZU-EI-YF,,"Lancets, Box (100), 10 Test/Day",A4259,Blood Sugar Test Frequency (Daily),10,Lancets Unit,Box (100),,,,,,,,,,,,,,,,
2B-3TJS-NH8FV-AR,Home Blood Glucose Monitor Package (Diabetes),IGKER-6B4-VF-0LN,Lancets.,FALSE,DNZQ-NVBIQ-DTEGZ,,"Lancets, Box (100), 8 Test/Day",A4259,Blood Sugar Test Frequency (Daily),8,Lancets Unit,Box (100),,,,,,,,,,,,,,,,
2B-3TJS-NH8FV-AR,Home Blood Glucose Monitor Package (Diabetes),IGKER-6B4-VF-0LN,Lancets.,FALSE,K81-AHA-D5TJ5-QN,,"Lancets, Box (100), 12 Test/Day",A4259,Blood Sugar Test Frequency (Daily),12,Lancets Unit,Box (100),,,,,,,,,,,,,,,,
2B-3TJS-NH8FV-AR,Home Blood Glucose Monitor Package (Diabetes),IGKER-6B4-VF-0LN,Lancets.,FALSE,M9B-S2Y-PQNS8-K7,,"Lancets, Box (100), 9 Test/Day",A4259,Blood Sugar Test Frequency (Daily),9,Lancets Unit,Box (100),,,,,,,,,,,,,,,,
2B-3TJS-NH8FV-AR,Home Blood Glucose Monitor Package (Diabetes),IGKER-6B4-VF-0LN,Lancets.,FALSE,NX-939Y3-HJM-9A0,,"Lancets, Box (100), 15 Test/Day",A4259,Blood Sugar Test Frequency (Daily),15,Lancets Unit,Box (100),,,,,,,,,,,,,,,,
2B-3TJS-NH8FV-AR,Home Blood Glucose Monitor Package (Diabetes),IGKER-6B4-VF-0LN,Lancets.,FALSE,QHP84-4GLB-4P37V,,"Lancets, Box (100), 6 Test/Day",A4259,Blood Sugar Test Frequency (Daily),6,Lancets Unit,Box (100),,,,,,,,,,,,,,,,
2B-3TJS-NH8FV-AR,Home Blood Glucose Monitor Package (Diabetes),IGKER-6B4-VF-0LN,Lancets.,FALSE,SHR-GP6P7-D8P-PM,,"Lancets, Box (100), 14 Test/Day",A4259,Blood Sugar Test Frequency (Daily),14,Lancets Unit,Box (100),,,,,,,,,,,,,,,,
2B-3TJS-NH8FV-AR,Home Blood Glucose Monitor Package (Diabetes),IGKER-6B4-VF-0LN,Lancets.,FALSE,ZP-EM-AV-M7-I3MG,,"Lancets, Box (100), 1 Test/Day",A4259,Blood Sugar Test Frequency (Daily),1,Lancets Unit,Box (100),,,,,,,,,,,,,,,,
2B-3TJS-NH8FV-AR,Home Blood Glucose Monitor Package (Diabetes),K6J-50KQ-31D-2S1,Insulin,FALSE,CK-6GK6-NF3R7-VG,,Insulin,J1817,,,Type of Insulin,N/A,,,,,,,,,,,,,,,,
2B-3TJS-NH8FV-AR,Home Blood Glucose Monitor Package (Diabetes),K6J-50KQ-31D-2S1,Insulin,FALSE,CNJ4T-291E-LTI7M,,"Insulin, Lispro, 100 units/mL",J1817,,,Type of Insulin,Lispro,,,,,,,,,,,,,,,,
2B-3TJS-NH8FV-AR,Home Blood Glucose Monitor Package (Diabetes),K6J-50KQ-31D-2S1,Insulin,FALSE,EG9-LD4-CXFD-JLK,,"Insulin Aspart, 100 units/mL, dispense 9 10 mL vials every 90 days, use as directed per prescriber via insulin pump, 4 refills",J1817,,,Type of Insulin,Aspart,,,,,,,,,,,,,,,,
2B-3TJS-NH8FV-AR,Home Blood Glucose Monitor Package (Diabetes),K6J-50KQ-31D-2S1,Insulin,FALSE,U2CU9-4P7PH-LN0F,,"Insulin Lispro, 100 units/mL, dispense 9 10 mL vials every 90 days, use as directed per prescriber via insulin pump, 4 refills",J1817,,,Type of Insulin,Lispro,,,,,,,,,,,,,,,,
2B-3TJS-NH8FV-AR,Home Blood Glucose Monitor Package (Diabetes),LGHU-K4-F0-2T58E,Lancing Device (Diabetes),FALSE,0S9P-YFC2D-LJ-81,,"Lancing Device (Diabetes), 2 per year",A4258,,,,,,,,,,,,,,,,,,,,
2B-3TJS-NH8FV-AR,Home Blood Glucose Monitor Package (Diabetes),LGHU-K4-F0-2T58E,Lancing Device (Diabetes),FALSE,EDIS-YBG-EDBK-IZ,,Lancing Device (Diabetes),LNCTD,,,,,,,,,,,,,,,,,,,,
2B-3TJS-NH8FV-AR,Home Blood Glucose Monitor Package (Diabetes),LGHU-K4-F0-2T58E,Lancing Device (Diabetes),FALSE,ES18F-RHZTF-35LN,,"Lancing Device (Diabetes), Refills if billed with: Rx- 3, Med- Lifetime",LNCTD,,,,,,,,,,,,,,,,,,,,
2B-3TJS-NH8FV-AR,Home Blood Glucose Monitor Package (Diabetes),LGHU-K4-F0-2T58E,Lancing Device (Diabetes),FALSE,J2UYA-4G9AX-Z0ZK,,Lancing Device (Diabetes),LNCTD,,,,,,,,,,,,,,,,,,,,
2B-3TJS-NH8FV-AR,Home Blood Glucose Monitor Package (Diabetes),LGHU-K4-F0-2T58E,Lancing Device (Diabetes),FALSE,JUZ6P-1P-YU7-2J4,,Lancing Device (Diabetes),A4258,,,,,,,,,,,,,,,,,,,,
2B-3TJS-NH8FV-AR,Home Blood Glucose Monitor Package (Diabetes),LTJCE-PRT-H6-SYS,Pen Syringes (Diabetes),FALSE,76-XLUBF-971-UT7,,Pen Syringes (Diabetes),A4206,,,,,,,,,,,,,,,,,,,,
2B-3TJS-NH8FV-AR,Home Blood Glucose Monitor Package (Diabetes),LTJCE-PRT-H6-SYS,Pen Syringes (Diabetes),FALSE,KPK-9X0-H6VL9-8M,,Pen Syringes (Diabetes),S8490,,,,,,,,,,,,,,,,,,,,
2B-3TJS-NH8FV-AR,Home Blood Glucose Monitor Package (Diabetes),LTJCE-PRT-H6-SYS,Pen Syringes (Diabetes),FALSE,V3-TS-K0G-5AZ-DX,,"Pen Syringes, Size to Patient Preference",A4206,,,,,,,,,,,,,,,,,,,,
2B-3TJS-NH8FV-AR,Home Blood Glucose Monitor Package (Diabetes),LTJCE-PRT-H6-SYS,Pen Syringes (Diabetes),FALSE,ZH3-BMJ3C-01-DIB,,Pen Syringes (Diabetes),PSYRGE,,,,,,,,,,,,,,,,,,,,
2B-3TJS-NH8FV-AR,Home Blood Glucose Monitor Package (Diabetes),VAD-TQ5D-XRV-YNL,Home Blood Glucose Monitor,TRUE,36ND-GF-T3YN-0SF,,"Home Blood Glucose Monitor, Voice Talking",E2100,Home Blood Glucose Monitor Brand,Generic Voice Talking,,,,,,,,,,,,,,,,,,
2B-3TJS-NH8FV-AR,Home Blood Glucose Monitor Package (Diabetes),VAD-TQ5D-XRV-YNL,Home Blood Glucose Monitor,TRUE,3PH3-QT-134-YQB5,,"Home Blood Glucose Monitor, True Metrix",E0607,,,Home Blood Glucose Monitor Brand,True Metrix,,,,,,,,,,,,,,,,
2B-3TJS-NH8FV-AR,Home Blood Glucose Monitor Package (Diabetes),VAD-TQ5D-XRV-YNL,Home Blood Glucose Monitor,TRUE,5L2X0-0YPXE-UBCU,,"Home Blood Glucose Monitor, Contour Next EZ",E0607,Home Blood Glucose Monitor Brand,Contour Next EZ,,,,,,,,,,,,,,,,,,
2B-3TJS-NH8FV-AR,Home Blood Glucose Monitor Package (Diabetes),VAD-TQ5D-XRV-YNL,Home Blood Glucose Monitor,TRUE,630-JT62-9H-LRYL,,"Home Blood Glucose Monitor, Abbott Freestyle Precision Neo",E0607,Home Blood Glucose Monitor Brand,Abbott Freestyle Precision Neo,,,,,,,,,,,,,,,,,,
2B-3TJS-NH8FV-AR,Home Blood Glucose Monitor Package (Diabetes),VAD-TQ5D-XRV-YNL,Home Blood Glucose Monitor,TRUE,6XV6-476-MH9-MDR,,"Home Blood Glucose Monitor, Lifescan One Touch Verio",E0607,Home Blood Glucose Monitor Brand,Lifescan One Touch Verio,,,,,,,,,,,,,,,,,,
2B-3TJS-NH8FV-AR,Home Blood Glucose Monitor Package (Diabetes),VAD-TQ5D-XRV-YNL,Home Blood Glucose Monitor,TRUE,73Q-T0I2-52V0-7U,,"Home Blood Glucose Monitor, Prodigy AutoCode",E0607,Home Blood Glucose Monitor Brand,Prodigy AutoCode,,,,,,,,,,,,,,,,,,
2B-3TJS-NH8FV-AR,Home Blood Glucose Monitor Package (Diabetes),VAD-TQ5D-XRV-YNL,Home Blood Glucose Monitor,TRUE,AK-0R0EJ-JCNY-1J,,"Home Blood Glucose Monitor, Contour",E0607,,,Home Blood Glucose Monitor Brand,Contour,,,,,,,,,,,,,,,,
2B-3TJS-NH8FV-AR,Home Blood Glucose Monitor Package (Diabetes),VAD-TQ5D-XRV-YNL,Home Blood Glucose Monitor,TRUE,BIMCS-689R-EH-Z8,,Home Blood Glucose Monitor,E0607,Home Blood Glucose Monitor Brand,N/A,,,,,,,,,,,,,,,,,,
2B-3TJS-NH8FV-AR,Home Blood Glucose Monitor Package (Diabetes),VAD-TQ5D-XRV-YNL,Home Blood Glucose Monitor,TRUE,C1R1-QCQXY-Y4-RK,,"Home Blood Glucose Monitor, On Call Express",E0607,Home Blood Glucose Monitor Brand,On Call Express,,,,,,,,,,,,,,,,,,
2B-3TJS-NH8FV-AR,Home Blood Glucose Monitor Package (Diabetes),VAD-TQ5D-XRV-YNL,Home Blood Glucose Monitor,TRUE,CDBN-G1-SDC0-125,,"Home Blood Glucose Monitor, Contour Next",E0607,,,Home Blood Glucose Monitor Brand,Contour Next,,,,,,,,,,,,,,,,
2B-3TJS-NH8FV-AR,Home Blood Glucose Monitor Package (Diabetes),VAD-TQ5D-XRV-YNL,Home Blood Glucose Monitor,TRUE,CM-J9NV-VHXAD-92,,"Home Blood Glucose Monitor, Advocate",E0607,,,Home Blood Glucose Monitor Brand,Advocate,,,,,,,,,,,,,,,,
2B-3TJS-NH8FV-AR,Home Blood Glucose Monitor Package (Diabetes),VAD-TQ5D-XRV-YNL,Home Blood Glucose Monitor,TRUE,D9VF-YH-BN-5A-HM,,"Home Blood Glucose Monitor, Lifescan One Touch Ultra",E0607,Home Blood Glucose Monitor Brand,Lifescan One Touch Ultra,,,,,,,,,,,,,,,,,,
2B-3TJS-NH8FV-AR,Home Blood Glucose Monitor Package (Diabetes),VAD-TQ5D-XRV-YNL,Home Blood Glucose Monitor,TRUE,FYEQU-CA-2DXV-P1,,Home Blood Glucose Monitor,E0607,Home Blood Glucose Monitor Brand,Generic Standard,,,,,,,,,,,,,,,,,,
2B-3TJS-NH8FV-AR,Home Blood Glucose Monitor Package (Diabetes),VAD-TQ5D-XRV-YNL,Home Blood Glucose Monitor,TRUE,L8HP1-Z5E-Z8I-VN,,"Home Blood Glucose Monitor, True Metrix",E2101,Home Blood Glucose Monitor Brand,True Metrix,,,,,,,,,,,,,,,,,,
2B-3TJS-NH8FV-AR,Home Blood Glucose Monitor Package (Diabetes),VAD-TQ5D-XRV-YNL,Home Blood Glucose Monitor,TRUE,MLQG-9JU4E-5B-CG,,"Home Blood Glucose Monitor, Abbott Freestyle",E0607,Home Blood Glucose Monitor Brand,Abbott Freestyle,,,,,,,,,,,,,,,,,,
2B-3TJS-NH8FV-AR,Home Blood Glucose Monitor Package (Diabetes),VAD-TQ5D-XRV-YNL,Home Blood Glucose Monitor,TRUE,Q4YX-1MD7T-YBJY0,,"Home Blood Glucose Monitor, Contour Next One",E0607,Home Blood Glucose Monitor Brand,Contour Next One,,,,,,,,,,,,,,,,,,
2B-3TJS-NH8FV-AR,Home Blood Glucose Monitor Package (Diabetes),VAD-TQ5D-XRV-YNL,Home Blood Glucose Monitor,TRUE,RA6-1DF-THM-GKS7,,"Home Blood Glucose Monitor, Oaktree EasyMax",E0607,,,Home Blood Glucose Monitor Brand,Oaktree EasyMax,,,,,,,,,,,,,,,,
2B-3TJS-NH8FV-AR,Home Blood Glucose Monitor Package (Diabetes),VAD-TQ5D-XRV-YNL,Home Blood Glucose Monitor,TRUE,RBAD-JV-XIJ-Z51I,,"Home Blood Glucose Monitor, POGO",E2104,Home Blood Glucose Monitor Brand,POGO,,,,,,,,,,,,,,,,,,
2B-3TJS-NH8FV-AR,Home Blood Glucose Monitor Package (Diabetes),VAD-TQ5D-XRV-YNL,Home Blood Glucose Monitor,TRUE,SRDX-BZA2-XE-E5F,,"Home Blood Glucose Monitor, EasyMax NG",E2101,Home Blood Glucose Monitor Brand,EasyMax NG,,,,,,,,,,,,,,,,,,
2B-3TJS-NH8FV-AR,Home Blood Glucose Monitor Package (Diabetes),VAD-TQ5D-XRV-YNL,Home Blood Glucose Monitor,TRUE,XU-M29Y-E9SB8-UP,,"Home Blood Glucose Monitor, EasyMax NG",E0607,,,Home Blood Glucose Monitor Brand,EasyMax NG,,,,,,,,,,,,,,,,
2B-3TJS-NH8FV-AR,Home Blood Glucose Monitor Package (Diabetes),VAD-TQ5D-XRV-YNL,Home Blood Glucose Monitor,TRUE,ZU1-KLDC-RV-81E5,,"Home Blood Glucose Monitor, Contour TS",E0607,Home Blood Glucose Monitor Brand,Contour TS,,,,,,,,,,,,,,,,,,
6VX9N-SL26-HU-XF,Glucocard Expression Kit,3ND-0Y1-QMY5-R91,Glucocard Expression Meter,TRUE,H9-TNKBD-KQGE-U7,,Glucocard Expression Meter,E0607,,,,,,,,,,,,,,,,,,,,
6VX9N-SL26-HU-XF,Glucocard Expression Kit,5ZYLG-JC-32ET-S8,Glucocard Expression Meter Case,TRUE,S1IV1-JIQ-ZY-04P,,Glucocard Expression Meter Case,,,,,,,,,,,,,,,,,,,,,
6VX9N-SL26-HU-XF,Glucocard Expression Kit,8ZKT-IDM0N-DA-7D,Lancet (Diabetes),TRUE,1STA-CS-8BYN7-DQ,,"Lancet (Diabetes), Refills if billed with: Rx- 3, Med- Lifetime",LNCT,,,,,,,,,,,,,,,,,,,,
6VX9N-SL26-HU-XF,Glucocard Expression Kit,8ZKT-IDM0N-DA-7D,Lancet (Diabetes),TRUE,QAVR-JF60S-4Y-RT,,Lancet (Diabetes),LNCT,,,,,,,,,,,,,,,,,,,,
6VX9N-SL26-HU-XF,Glucocard Expression Kit,E2V50-RMRBE-14N0,Glucocard Expression Control Solution,TRUE,BY-MZR6-H3D-3C1Y,,Glucocard Expression Control Solution,,Control Solution Level,Level 1/Normal,,,,,,,,,,,,,,,,,,
6VX9N-SL26-HU-XF,Glucocard Expression Kit,LGHU-K4-F0-2T58E,Lancing Device (Diabetes),TRUE,0S9P-YFC2D-LJ-81,,"Lancing Device (Diabetes), 2 per year",A4258,,,,,,,,,,,,,,,,,,,,
6VX9N-SL26-HU-XF,Glucocard Expression Kit,LGHU-K4-F0-2T58E,Lancing Device (Diabetes),TRUE,ES18F-RHZTF-35LN,,"Lancing Device (Diabetes), Refills if billed with: Rx- 3, Med- Lifetime",LNCTD,,,,,,,,,,,,,,,,,,,,
6VX9N-SL26-HU-XF,Glucocard Expression Kit,LGHU-K4-F0-2T58E,Lancing Device (Diabetes),TRUE,J2UYA-4G9AX-Z0ZK,,Lancing Device (Diabetes),LNCTD,,,,,,,,,,,,,,,,,,,,
6VX9N-SL26-HU-XF,Glucocard Expression Kit,YTVZ-1X-GY6-VKXS,Blood Glucose Test Strips (Diabetes),TRUE,4V-CJG-63RKA-INP,,"Blood Glucose Test Strips (Diabetes), Refills if billed with: Rx- 3, Med- Lifetime",BLDSTRP,Blood Glucose System,n/a,,,,,,,,,,,,,,,,,,
6VX9N-SL26-HU-XF,Glucocard Expression Kit,YTVZ-1X-GY6-VKXS,Blood Glucose Test Strips (Diabetes),TRUE,9J-VYE-YM-EX-AC9,793449,"Blood Glucose Test Strips, Glucocard Expression (Diabetes)",BLDSTRP,Blood Glucose System,Glucocard Expression,,,,,,,,,,,,,,,,,,
6VX9N-SL26-HU-XF,Glucocard Expression Kit,YTVZ-1X-GY6-VKXS,Blood Glucose Test Strips (Diabetes),TRUE,BG253-GF5N-K5-CR,,"Blood Glucose Test Strips, Freestyle Precision Neo (Diabetes)",BLDSTRP,Blood Glucose System,Freestyle Precision Neo,,,,,,,,,,,,,,,,,,
6VX9N-SL26-HU-XF,Glucocard Expression Kit,YTVZ-1X-GY6-VKXS,Blood Glucose Test Strips (Diabetes),TRUE,FRY3U-90H-E1-UXG,,"Blood Glucose Test Strips, Bayer Contour Next (Diabetes)",BLDSTRP,Blood Glucose System,Bayer Contour Next,,,,,,,,,,,,,,,,,,
6VX9N-SL26-HU-XF,Glucocard Expression Kit,YTVZ-1X-GY6-VKXS,Blood Glucose Test Strips (Diabetes),TRUE,FYP0-NTF-PKY9-B6,1159731,"Blood Glucose Test Strips, Embrace (Diabetes)",BLDSTRP,Blood Glucose System,Embrace Talk,,,,,,,,,,,,,,,,,,
6VX9N-SL26-HU-XF,Glucocard Expression Kit,YTVZ-1X-GY6-VKXS,Blood Glucose Test Strips (Diabetes),TRUE,LI-6SP-2XK8-Y7M0,,"Blood Glucose Test Strips, Easy Max (Diabetes)",BLDSTRP,Blood Glucose System,Easy Max,,,,,,,,,,,,,,,,,,
6VX9N-SL26-HU-XF,Glucocard Expression Kit,YTVZ-1X-GY6-VKXS,Blood Glucose Test Strips (Diabetes),TRUE,PHFX3-NFXKM-QF6E,688260,"Blood Glucose Test Strips, Glucocard 01 Sensor Plus (Diabetes)",BLDSTRP,Blood Glucose System,Glucocard 01 Sensor Plus,,,,,,,,,,,,,,,,,,
6VX9N-SL26-HU-XF,Glucocard Expression Kit,YTVZ-1X-GY6-VKXS,Blood Glucose Test Strips (Diabetes),TRUE,PN0KC-QA5-DGR-7S,,"Blood Glucose Test Strips, Caresense (Diabetes)",BLDSTRP,Blood Glucose System,CareSense,,,,,,,,,,,,,,,,,,
6VX9N-SL26-HU-XF,Glucocard Expression Kit,YTVZ-1X-GY6-VKXS,Blood Glucose Test Strips (Diabetes),TRUE,Q3E-3YP-0HR8Y-7A,,"Blood Glucose Test Strips, Advocate (Diabetes)",BLDSTRP,Blood Glucose System,Advocate,,,,,,,,,,,,,,,,,,
6VX9N-SL26-HU-XF,Glucocard Expression Kit,YTVZ-1X-GY6-VKXS,Blood Glucose Test Strips (Diabetes),TRUE,RJT-VMR-89PC7-TG,843244,"Blood Glucose Test Strips, Prodigy Auto (Diabetes)",BLDSTRP,Blood Glucose System,Prodigy Auto,,,,,,,,,,,,,,,,,,
6VX9N-SL26-HU-XF,Glucocard Expression Kit,YTVZ-1X-GY6-VKXS,Blood Glucose Test Strips (Diabetes),TRUE,T7-73DK-X868-QAB,1060018,"Blood Glucose Test Strips, One Touch Ultra 2 (Diabetes)",BLDSTRP,Blood Glucose System,One Touch Ultra 2,,,,,,,,,,,,,,,,,,
6VX9N-SL26-HU-XF,Glucocard Expression Kit,YTVZ-1X-GY6-VKXS,Blood Glucose Test Strips (Diabetes),TRUE,VALRL-BT1-2KL-LF,960300,"Blood Glucose Test Strips, True Metrix (Diabetes)",BLDSTRP,Blood Glucose System,True Metrix,,,,,,,,,,,,,,,,,,
6VX9N-SL26-HU-XF,Glucocard Expression Kit,YTVZ-1X-GY6-VKXS,Blood Glucose Test Strips (Diabetes),TRUE,XR1C-43-XVE79-2U,939082,"Blood Glucose Test Strips, One Touch Verio (Diabetes)",BLDSTRP,Blood Glucose System,One Touch Verio,,,,,,,,,,,,,,,,,,
6VX9N-SL26-HU-XF,Glucocard Expression Kit,YTVZ-1X-GY6-VKXS,Blood Glucose Test Strips (Diabetes),TRUE,Z8Y-NM-CJ8U0-GY9,,Blood Glucose Test Strips (Diabetes),BLDSTRP,Blood Glucose System,n/a,,,,,,,,,,,,,,,,,,
EQ-A750Z-LRF-8CH,VivaGuard Blood Glucose Monitor Package,ByzJnOlLgqM8SqSb,Lancet,FALSE,0RV-ZQX-J3JXH-I8,,"Lancet, VivaGuard Single Use, Box (50)",A4259,Brand,VivaGuard,,,,,Gauge,N/A,,,,,Incision Depth,N/A,,,,,Unit,Box (50)
EQ-A750Z-LRF-8CH,VivaGuard Blood Glucose Monitor Package,ByzJnOlLgqM8SqSb,Lancet,FALSE,1PF-0S-Q6C-XLFAL,,"Lancet, Libre, CGM, Box (400)",LNCT,Brand,Libre,,,,,Gauge,N/A,,,,,Incision Depth,N/A,,,,,Unit,Box (400)
EQ-A750Z-LRF-8CH,VivaGuard Blood Glucose Monitor Package,ByzJnOlLgqM8SqSb,Lancet,FALSE,1RL-N7-H5-TAI-SH,,"Lancet, VivaGuard Single Use, Box (100)",A4259,,,,,Brand,VivaGuard,,,,,Gauge,N/A,,,,,Incision Depth,N/A,,
EQ-A750Z-LRF-8CH,VivaGuard Blood Glucose Monitor Package,ByzJnOlLgqM8SqSb,Lancet,FALSE,679VA-GMP-SHA-XS,,"Lancet, Accu-Check Multistix, 30G, N/A, Box (102)",A4259,,,,,Brand,Accu-Check Multistix,,,,,Gauge,30G,,,,,Incision Depth,N/A,,
EQ-A750Z-LRF-8CH,VivaGuard Blood Glucose Monitor Package,ByzJnOlLgqM8SqSb,Lancet,FALSE,6C7-E1T-NQ2-ZFD5,1002,"Lancet, Unistik 3 Normal, 23G, 1.8MM, Box (100)",A4259,,,,,Brand,Unistik 3 Normal,,,,,Gauge,23G,,,,,Incision Depth,1.8MM,,
EQ-A750Z-LRF-8CH,VivaGuard Blood Glucose Monitor Package,ByzJnOlLgqM8SqSb,Lancet,FALSE,9B-32ZBZ-UJB-FEA,98682,"Lancet, Abbott, 28G, N/A, Box (200)",A4259,,,Brand,Abbott,,,,,Gauge,28G,,,,,Incision Depth,N/A,,,,
EQ-A750Z-LRF-8CH,VivaGuard Blood Glucose Monitor Package,ByzJnOlLgqM8SqSb,Lancet,FALSE,9DV-REL-JYHX-E6K,1042,"Lancet, Unistik 3 Comfort, 28G, 1.8MM, Box (100)",A4259,Brand,Unistik 3 Comfort,,,,,Gauge,28G,,,,,Incision Depth,1.8MM,,,,,Unit,Box (100)
EQ-A750Z-LRF-8CH,VivaGuard Blood Glucose Monitor Package,ByzJnOlLgqM8SqSb,Lancet,FALSE,9Z-FZ-PV-NCV-7ME,,"Lancet, Medtronic, CGM, Box (400)",LNCT,,,,,Brand,Medtronic,,,,,Gauge,N/A,,,,,Incision Depth,N/A,,
EQ-A750Z-LRF-8CH,VivaGuard Blood Glucose Monitor Package,ByzJnOlLgqM8SqSb,Lancet,FALSE,C3LDA-4NBYV-7C96,,"Lancet, TRUEplus, 30G, N/A, Box (100)",A4259,Brand,TRUEplus,,,,,Gauge,30G,,,,,Incision Depth,N/A,,,,,Unit,Box (100)
EQ-A750Z-LRF-8CH,VivaGuard Blood Glucose Monitor Package,ByzJnOlLgqM8SqSb,Lancet,FALSE,C766KNxiygUfTFEs,,"Lancet, Unistik 2 Extra, 21G, 3.0MM, Each (1)",A4259,,,,,Brand,Unistik 2 Extra,,,,,Gauge,21G,,,,,Incision Depth,3.0MM,,
EQ-A750Z-LRF-8CH,VivaGuard Blood Glucose Monitor Package,ByzJnOlLgqM8SqSb,Lancet,FALSE,CF-EP-QEFH9-2MV3,,"Lancet, TRUEplus, 28G, N/A, Box (100)",A4259,,,,,Brand,TRUEplus,,,,,Gauge,28G,,,,,Incision Depth,N/A,,
EQ-A750Z-LRF-8CH,VivaGuard Blood Glucose Monitor Package,ByzJnOlLgqM8SqSb,Lancet,FALSE,CK-BQKX-N9A-6LKB,,"Lancet, Box (100)",A4259,Brand,N/A,,,,,Gauge,N/A,,,,,Incision Depth,N/A,,,,,Unit,Box (100)
EQ-A750Z-LRF-8CH,VivaGuard Blood Glucose Monitor Package,ByzJnOlLgqM8SqSb,Lancet,FALSE,E1-2QY-IK-36-TIV,1042,"Lancet, Unistik 3 Comfort, 28G, 1.8MM, Each (1)",A4259,Brand,Unistik 3 Comfort,,,,,Gauge,28G,,,,,Incision Depth,1.8MM,,,,,Unit,Each (1)
EQ-A750Z-LRF-8CH,VivaGuard Blood Glucose Monitor Package,ByzJnOlLgqM8SqSb,Lancet,FALSE,EA-9FB-C6PUZ-CEF,,"Lancet, Dexcom, CGM, Box (400)",LNCT,,,Brand,Dexcom,,,,,Gauge,N/A,,,,,Incision Depth,N/A,,,,
EQ-A750Z-LRF-8CH,VivaGuard Blood Glucose Monitor Package,ByzJnOlLgqM8SqSb,Lancet,FALSE,J64-3F-HIJI-FTKD,980128,"Lancet, Assure, 30G, N/A, Box (100)",A4259,Brand,Assure Lance,,,,,Gauge,30G,,,,,Incision Depth,N/A,,,,,Unit,Box (100)
EQ-A750Z-LRF-8CH,VivaGuard Blood Glucose Monitor Package,ByzJnOlLgqM8SqSb,Lancet,FALSE,JT-2M-3VDJN-TCI2,585,"Lancet, Unilet, 33G, N/A, Box (100)",A4259,,,,,Brand,Unilet,,,,,Gauge,33G,,,,,Incision Depth,N/A,,
EQ-A750Z-LRF-8CH,VivaGuard Blood Glucose Monitor Package,ByzJnOlLgqM8SqSb,Lancet,FALSE,K0-8B-6P3SL-GJKS,,"Lancet, TRUEplus, 33G, N/A, Box (100)",A4259,,,Brand,TRUEplus,,,,,Gauge,33G,,,,,Incision Depth,N/A,,,,
EQ-A750Z-LRF-8CH,VivaGuard Blood Glucose Monitor Package,ByzJnOlLgqM8SqSb,Lancet,FALSE,KQXQF-A5X8-71-FX,,"Lancet, McKesson, 30G, 1.8MM, Box (100)",A4259,,,,,Brand,McKesson,,,,,Gauge,30G,,,,,Incision Depth,1.8MM,,
EQ-A750Z-LRF-8CH,VivaGuard Blood Glucose Monitor Package,ByzJnOlLgqM8SqSb,Lancet,FALSE,MYZK-R5-CN-N8FIS,,"Lancet, OneTouch Delica, 33G, N/A, Each (1)",A4259,,,,,Brand,OneTouch Delica,,,,,Gauge,33G,,,,,Incision Depth,N/A,,
EQ-A750Z-LRF-8CH,VivaGuard Blood Glucose Monitor Package,ByzJnOlLgqM8SqSb,Lancet,FALSE,N4c5Xa3iNlvfujSK,,"Lancet, Unistik 2 Normal, 21G, 2.4MM, Each (1)",A4259,,,,,Brand,Unistik 2 Normal,,,,,Gauge,21G,,,,,Incision Depth,2.4MM,,
EQ-A750Z-LRF-8CH,VivaGuard Blood Glucose Monitor Package,ByzJnOlLgqM8SqSb,Lancet,FALSE,PF-7ZQ-Q4Z-C435N,,"Lancet, Lite Touch, 30G, N/A, Box (50)",A4259,,,,,Brand,Lite Touch,,,,,Gauge,30G,,,,,Incision Depth,N/A,,
EQ-A750Z-LRF-8CH,VivaGuard Blood Glucose Monitor Package,ByzJnOlLgqM8SqSb,Lancet,FALSE,XGT-GXU-M2JZR-6P,,"Lancet, Unistik 2 Low Flow, 28G, 1.8MM, Box (100)",A4259,,,,,Brand,Unistik 2 Low Flow,,,,,Gauge,28G,,,,,Incision Depth,1.8MM,,
EQ-A750Z-LRF-8CH,VivaGuard Blood Glucose Monitor Package,ByzJnOlLgqM8SqSb,Lancet,FALSE,nUdmo8jyXLjabCwX,,"Lancet, Droplet, 30G, N/A, Each (1)",A4259,Brand,Droplet,,,,,Gauge,30G,,,,,Incision Depth,N/A,,,,,Unit,Each (1)
EQ-A750Z-LRF-8CH,VivaGuard Blood Glucose Monitor Package,ByzJnOlLgqM8SqSb,Lancet,FALSE,p0Z8ut6scOpGHlXg,,"Lancet, Ultrasoft, 28G, N/A, Each (1)",A4259,,,,,Brand,Ultrasoft,,,,,Gauge,28G,,,,,Incision Depth,N/A,,
EQ-A750Z-LRF-8CH,VivaGuard Blood Glucose Monitor Package,ByzJnOlLgqM8SqSb,Lancet,FALSE,sFiSipJBptr9y0wn,,"Lancet, Medline, 21G, 2.4MM, Box (200)",A4259,,,Brand,Medline,,,,,Gauge,21G,,,,,Incision Depth,2.4MM,,,,
EQ-A750Z-LRF-8CH,VivaGuard Blood Glucose Monitor Package,ByzJnOlLgqM8SqSb,Lancet,FALSE,tKFomVrgLp10zpK7,,"Lancet, Microlet, 25G, 2.0MM, Each (1)",A4259,Brand,Microlet,,,,,Gauge,25G,,,,,Incision Depth,2.0MM,,,,,Unit,Each (1)
EQ-A750Z-LRF-8CH,VivaGuard Blood Glucose Monitor Package,ByzJnOlLgqM8SqSb,Lancet,FALSE,tfjRmLBuebwrn3VE,,"Lancet, Unistik 2, 28G, 1.8MM, Each (1)",A4259,,,,,Brand,Unistik 2,,,,,Gauge,28G,,,,,Incision Depth,1.8MM,,
EQ-A750Z-LRF-8CH,VivaGuard Blood Glucose Monitor Package,H85S-E7-RY8-I81G,Glucose Control Solution,FALSE,24F-RN-ZLU-GY4P5,,Glucose Control Solution,A4256,,,,,,,,,,,,,,,,,,,,
EQ-A750Z-LRF-8CH,VivaGuard Blood Glucose Monitor Package,H85S-E7-RY8-I81G,Glucose Control Solution,FALSE,4X-YZP8-C0ZS-3J2,,"Glucose Control Solution, 4 per year",A4256,,,,,,,,,,,,,,,,,,,,
EQ-A750Z-LRF-8CH,VivaGuard Blood Glucose Monitor Package,H85S-E7-RY8-I81G,Glucose Control Solution,FALSE,I79-Q1DK-5653-R3,,Glucose Control Solution (CGM),CONSOL,,,,,,,,,,,,,,,,,,,,
EQ-A750Z-LRF-8CH,VivaGuard Blood Glucose Monitor Package,LGHU-K4-F0-2T58E,Lancing Device (Diabetes),FALSE,0S9P-YFC2D-LJ-81,,"Lancing Device (Diabetes), 2 per year",A4258,,,,,,,,,,,,,,,,,,,,
EQ-A750Z-LRF-8CH,VivaGuard Blood Glucose Monitor Package,LGHU-K4-F0-2T58E,Lancing Device (Diabetes),FALSE,ES18F-RHZTF-35LN,,"Lancing Device (Diabetes), Refills if billed with: Rx- 3, Med- Lifetime",LNCTD,,,,,,,,,,,,,,,,,,,,
EQ-A750Z-LRF-8CH,VivaGuard Blood Glucose Monitor Package,LGHU-K4-F0-2T58E,Lancing Device (Diabetes),FALSE,J2UYA-4G9AX-Z0ZK,,Lancing Device (Diabetes),LNCTD,,,,,,,,,,,,,,,,,,,,
EQ-A750Z-LRF-8CH,VivaGuard Blood Glucose Monitor Package,LHQ30-DB-5KF-TSX,VivaGuard Blood Glucose Monitor,TRUE,YQ28-YN51F-3S-PI,,VivaGuard Blood Glucose Monitor,E0607,,,,,,,,,,,,,,,,,,,,
EQ-A750Z-LRF-8CH,VivaGuard Blood Glucose Monitor Package,cTElLEzXTuzMZ8uy,Blood Glucose Test Strips,FALSE,2rjN2nIJiGuJYlKi,,"Blood Glucose Test Strips, Breeze 2, Box (50)",A4253,,,,,,,Blood Glucose System,Breeze 2,,,,,,,Unit Amount,Box (50),,,,
EQ-A750Z-LRF-8CH,VivaGuard Blood Glucose Monitor Package,cTElLEzXTuzMZ8uy,Blood Glucose Test Strips,FALSE,3TST-SE-8D-YG-H1,,"Blood Glucose Test Strips, One Touch Blue, Box (50)",A4253,,,Blood Glucose System,One Touch Blue,,,,,,,Unit Amount,Box (50),,,,,,,,
EQ-A750Z-LRF-8CH,VivaGuard Blood Glucose Monitor Package,cTElLEzXTuzMZ8uy,Blood Glucose Test Strips,FALSE,3wjkT52k9DtpgRdD,,"Blood Glucose Test Strips, Prodigy Auto, Box (50)",A4253,,,,,,,Blood Glucose System,Prodigy Auto,,,,,,,Unit Amount,Box (50),,,,
EQ-A750Z-LRF-8CH,VivaGuard Blood Glucose Monitor Package,cTElLEzXTuzMZ8uy,Blood Glucose Test Strips,FALSE,4AEXI-DVP-R4-1HI,,"Blood Glucose Test Strips, Contour TS, Box (50)",A4253,,,,,Blood Glucose System,Contour TS,,,,,,,Unit Amount,Box (50),,,,,,
EQ-A750Z-LRF-8CH,VivaGuard Blood Glucose Monitor Package,cTElLEzXTuzMZ8uy,Blood Glucose Test Strips,FALSE,4PJ5-LC458-QCL5Z,,"Blood Glucose Test Strips, Advocate, Box (50)",A4253,,,,,,,Blood Glucose System,Advocate,,,,,,,Unit Amount,Box (50),,,,
EQ-A750Z-LRF-8CH,VivaGuard Blood Glucose Monitor Package,cTElLEzXTuzMZ8uy,Blood Glucose Test Strips,FALSE,5H-QC-FR63A-UQEA,,"Blood Glucose Test Strips, Dexcom G6, CGM, Box (400)",BLDSTRP,,,,,,,Blood Glucose System,Dexcom G6,,,,,,,Unit Amount,Box (400),,,,
EQ-A750Z-LRF-8CH,VivaGuard Blood Glucose Monitor Package,cTElLEzXTuzMZ8uy,Blood Glucose Test Strips,FALSE,5L4KM-U8-LC0-4RX,,"Blood Glucose Test Strips, Oaktree EasyMax, Box (50)",A4253,Blood Glucose System,Oaktree EasyMax,,,,,,,Unit Amount,Box (50),,,,,,,,,,
EQ-A750Z-LRF-8CH,VivaGuard Blood Glucose Monitor Package,cTElLEzXTuzMZ8uy,Blood Glucose Test Strips,FALSE,Ac4FXkqlEhnxUKOc,,"Blood Glucose Test Strips, Ultra Trak Pro, Box (50)",A4253,,,,,,,Blood Glucose System,Ultra Trak Pro,,,,,,,Unit Amount,Box (50),,,,
EQ-A750Z-LRF-8CH,VivaGuard Blood Glucose Monitor Package,cTElLEzXTuzMZ8uy,Blood Glucose Test Strips,FALSE,BR-S8-IMR87-ZXI5,,"Blood Glucose Test Strips, Libre 2, CGM, Box (400)",BLDSTRP,,,Blood Glucose System,Libre 2,,,,,,,Unit Amount,Box (400),,,,,,,,
EQ-A750Z-LRF-8CH,VivaGuard Blood Glucose Monitor Package,cTElLEzXTuzMZ8uy,Blood Glucose Test Strips,FALSE,BT-AZ02-0SZFE-AT,,"Blood Glucose Test Strips, Home Aide Diagnostics, Box (50)",A4253,,,,,,,Blood Glucose System,Home Aide Diagnostics,,,,,,,Unit Amount,Box (50),,,,
EQ-A750Z-LRF-8CH,VivaGuard Blood Glucose Monitor Package,cTElLEzXTuzMZ8uy,Blood Glucose Test Strips,FALSE,BY-9X6-A4P9S-BMZ,,"Blood Glucose Test Strips, Medtronic, CGM, Box (400)",BLDSTRP,,,,,,,Blood Glucose System,Medtronic,,,,,,,Unit Amount,Box (400),,,,
EQ-A750Z-LRF-8CH,VivaGuard Blood Glucose Monitor Package,cTElLEzXTuzMZ8uy,Blood Glucose Test Strips,FALSE,DG8L8-8M-72C-U6L,,"Blood Glucose Test Strips, Box (50)",A4253,Blood Glucose System,n/a,,,,,,,Unit Amount,Box (50),,,,,,,,,,
EQ-A750Z-LRF-8CH,VivaGuard Blood Glucose Monitor Package,cTElLEzXTuzMZ8uy,Blood Glucose Test Strips,FALSE,E4UN6-LQ-1BS-FAS,,"Blood Glucose Test Strips, Caresense Box (50)",A4253,,,,,Blood Glucose System,CareSense,,,,,,,Unit Amount,Box (50),,,,,,
EQ-A750Z-LRF-8CH,VivaGuard Blood Glucose Monitor Package,cTElLEzXTuzMZ8uy,Blood Glucose Test Strips,FALSE,Hqyo9RsEJJxNDALz,,"Blood Glucose Test Strips, Bayer Contour, Box (50)",A4253,,,Blood Glucose System,Bayer Contour,,,,,,,Unit Amount,Box (50),,,,,,,,
EQ-A750Z-LRF-8CH,VivaGuard Blood Glucose Monitor Package,cTElLEzXTuzMZ8uy,Blood Glucose Test Strips,FALSE,J9L0-9UV6-QG6-UK,,"Blood Glucose Test Strips, Gmate, Box (50)",A4253,,,,,,,Blood Glucose System,Gmate,,,,,,,Unit Amount,Box (50),,,,
EQ-A750Z-LRF-8CH,VivaGuard Blood Glucose Monitor Package,cTElLEzXTuzMZ8uy,Blood Glucose Test Strips,FALSE,MLT8ms9yRR3Va1uA,,"Blood Glucose Test Strips, TRUEtrack, Box (100)",A4253,,,,,,,Blood Glucose System,TRUEtrack,,,,,,,Unit Amount,Box (100),,,,
EQ-A750Z-LRF-8CH,VivaGuard Blood Glucose Monitor Package,cTElLEzXTuzMZ8uy,Blood Glucose Test Strips,FALSE,Mikj6Khha6rvTQLK,,"Blood Glucose Test Strips, Evencare G2, Box (50)",A4253,,,,,,,Blood Glucose System,Evencare G2,,,,,,,Unit Amount,Box (50),,,,
EQ-A750Z-LRF-8CH,VivaGuard Blood Glucose Monitor Package,cTElLEzXTuzMZ8uy,Blood Glucose Test Strips,FALSE,Q8-S0F3-T8EH4-10,,"Blood Glucose Test Strips, Freestyle Lite, Box (50)",A4253,Blood Glucose System,Freestyle Lite,,,,,,,Unit Amount,Box (50),,,,,,,,,,
EQ-A750Z-LRF-8CH,VivaGuard Blood Glucose Monitor Package,cTElLEzXTuzMZ8uy,Blood Glucose Test Strips,FALSE,SFS-1D-02LXK-FHQ,,"Blood Glucose Test Strips, Freestyle Precision Neo, Box (50)",A4253,,,,,Blood Glucose System,Freestyle Precision Neo,,,,,,,Unit Amount,Box (50),,,,,,
EQ-A750Z-LRF-8CH,VivaGuard Blood Glucose Monitor Package,cTElLEzXTuzMZ8uy,Blood Glucose Test Strips,FALSE,TB-AR7S-DCP1-GFT,5300050,"Blood Glucose Test Strips, Assure Prism, Case (240)",A4253,,,,,Blood Glucose System,Assure Prism,,,,,,,Unit Amount,Case (240),,,,,,
EQ-A750Z-LRF-8CH,VivaGuard Blood Glucose Monitor Package,cTElLEzXTuzMZ8uy,Blood Glucose Test Strips,FALSE,TJ8D-EXLXI-82-LY,,"Blood Glucose Test Strips, VivaGuard, Box (100)",A4253,,,,,,,Blood Glucose System,VivaGuard,,,,,,,Unit Amount,Box (100),,,,
EQ-A750Z-LRF-8CH,VivaGuard Blood Glucose Monitor Package,cTElLEzXTuzMZ8uy,Blood Glucose Test Strips,FALSE,U9IGeeNyKeApFHNA,,"Blood Glucose Test Strips, Aviva Accu-Check, Box (50)",A4253,,,,,Blood Glucose System,Aviva Accu-Check,,,,,,,Unit Amount,Box (50),,,,,,
EQ-A750Z-LRF-8CH,VivaGuard Blood Glucose Monitor Package,cTElLEzXTuzMZ8uy,Blood Glucose Test Strips,FALSE,UY-TC-4KA-KHE-2C,,"Blood Glucose Test Strips, Embrace Talk, Box (50)",A4253,,,,,Blood Glucose System,Embrace Talk,,,,,,,Unit Amount,Box (50),,,,,,
EQ-A750Z-LRF-8CH,VivaGuard Blood Glucose Monitor Package,cTElLEzXTuzMZ8uy,Blood Glucose Test Strips,FALSE,V7S-VIQ-TBX-1PTF,,"Blood Glucose Test Strips, Bayer Ascensia, Box (50)",A4253,,,,,,,Blood Glucose System,Bayer Ascensia,,,,,,,Unit Amount,Box (50),,,,
EQ-A750Z-LRF-8CH,VivaGuard Blood Glucose Monitor Package,cTElLEzXTuzMZ8uy,Blood Glucose Test Strips,FALSE,VE-16-UDL-7C8-EH,,"Blood Glucose Test Strips, VivaGuard, Box (50)",A4253,,,Blood Glucose System,VivaGuard,,,,,,,Unit Amount,Box (50),,,,,,,,
EQ-A750Z-LRF-8CH,VivaGuard Blood Glucose Monitor Package,cTElLEzXTuzMZ8uy,Blood Glucose Test Strips,FALSE,VQOKBOSP6uMbb32R,,"Blood Glucose Test Strips, Freestyle Lite, Box (100)",A4253,,,,,,,Blood Glucose System,Freestyle Lite,,,,,,,Unit Amount,Box (100),,,,
EQ-A750Z-LRF-8CH,VivaGuard Blood Glucose Monitor Package,cTElLEzXTuzMZ8uy,Blood Glucose Test Strips,FALSE,YTGX-JL-PK3T-T2X,5500050,"Blood Glucose Test Strips, Assure Platinum, Box (50)",A4253,Blood Glucose System,Assure Platinum,,,,,,,Unit Amount,Box (50),,,,,,,,,,
EQ-A750Z-LRF-8CH,VivaGuard Blood Glucose Monitor Package,cTElLEzXTuzMZ8uy,Blood Glucose Test Strips,FALSE,ZJ9Y-SLIH-9V-90N,2297804,"Blood Glucose Test Strips, One Touch Verio, Box (50)",A4253,,,,,Blood Glucose System,One Touch Verio,,,,,,,Unit Amount,Box (50),,,,,,
EQ-A750Z-LRF-8CH,VivaGuard Blood Glucose Monitor Package,cTElLEzXTuzMZ8uy,Blood Glucose Test Strips,FALSE,ZT-ICUPZ-DXQ0-FU,,"Blood Glucose Test Strips, True Metrix, Box (50)",A4253,,,,,Blood Glucose System,True Metrix,,,,,,,Unit Amount,Box (50),,,,,,
EQ-A750Z-LRF-8CH,VivaGuard Blood Glucose Monitor Package,cTElLEzXTuzMZ8uy,Blood Glucose Test Strips,FALSE,fhkKPOYNweUwyqBu,,"Blood Glucose Test Strips, TRUEresult, Box (50)",A4253,,,,,Blood Glucose System,TRUEresult,,,,,,,Unit Amount,Box (50),,,,,,
EQ-A750Z-LRF-8CH,VivaGuard Blood Glucose Monitor Package,cTElLEzXTuzMZ8uy,Blood Glucose Test Strips,FALSE,nrd3CLEhLyn3Z0FU,,"Blood Glucose Test Strips, One Touch Ultra, Box (50)",A4253,,,,,,,Blood Glucose System,One Touch Ultra,,,,,,,Unit Amount,Box (50),,,,
EQ-A750Z-LRF-8CH,VivaGuard Blood Glucose Monitor Package,cTElLEzXTuzMZ8uy,Blood Glucose Test Strips,FALSE,o0krVrCzEs8E2JRp,,"Blood Glucose Test Strips, Prodigy Voice, Box (50)",A4253,Blood Glucose System,Prodigy Voice,,,,,,,Unit Amount,Box (50),,,,,,,,,,
EQ-A750Z-LRF-8CH,VivaGuard Blood Glucose Monitor Package,cTElLEzXTuzMZ8uy,Blood Glucose Test Strips,FALSE,qKorw5rsLmb5RwX1,,"Blood Glucose Test Strips, Contour, Box (50)",A4253,,,,,,,Blood Glucose System,Contour,,,,,,,Unit Amount,Box (50),,,,
EQ-A750Z-LRF-8CH,VivaGuard Blood Glucose Monitor Package,cTElLEzXTuzMZ8uy,Blood Glucose Test Strips,FALSE,qp3ItHgp1ihGizS2,,"Blood Glucose Test Strips, TRUEbalance, Box (50)",A4253,,,Blood Glucose System,TRUEbalance,,,,,,,Unit Amount,Box (50),,,,,,,,
EQ-A750Z-LRF-8CH,VivaGuard Blood Glucose Monitor Package,cTElLEzXTuzMZ8uy,Blood Glucose Test Strips,FALSE,xAdZQHwiL50IQCnQ,,"Blood Glucose Test Strips, Bayer Contour Next, Box (50)",A4253,,,Blood Glucose System,Bayer Contour Next,,,,,,,Unit Amount,Box (50),,,,,,,,
EQ-A750Z-LRF-8CH,VivaGuard Blood Glucose Monitor Package,cTElLEzXTuzMZ8uy,Blood Glucose Test Strips,FALSE,ycqqMk77FxL2iFL0,,"Blood Glucose Test Strips, Freestyle, Box (50)",A4253,,,,,,,Blood Glucose System,Freestyle,,,,,,,Unit Amount,Box (50),,,,
HP1-L63V-TRD4-VH,Blood Glucose Meter Package,8M-FX-BNMN7-S043,Pen Needles (Diabetes),FALSE,K7AJ-LZ5-EDBZ-X1,,"Pen Needles (Diabetes), Size to Patient Preference",A4215,,,,,,,,,,,,,,,,,,,,
HP1-L63V-TRD4-VH,Blood Glucose Meter Package,8M-FX-BNMN7-S043,Pen Needles (Diabetes),FALSE,MY7N-86-934K-BPB,,Pen Needles (Diabetes),A4215,,,,,,,,,,,,,,,,,,,,
HP1-L63V-TRD4-VH,Blood Glucose Meter Package,8M-FX-BNMN7-S043,Pen Needles (Diabetes),FALSE,PB9-ZYAM-EMEB-8T,,Pen Needles (Diabetes),PNDLE,,,,,,,,,,,,,,,,,,,,
HP1-L63V-TRD4-VH,Blood Glucose Meter Package,ByzJnOlLgqM8SqSb,Lancet,FALSE,0RV-ZQX-J3JXH-I8,,"Lancet, VivaGuard Single Use, Box (50)",A4259,,,Brand,VivaGuard,,,,,Gauge,N/A,,,,,Incision Depth,N/A,,,,
HP1-L63V-TRD4-VH,Blood Glucose Meter Package,ByzJnOlLgqM8SqSb,Lancet,FALSE,1J-162-YM-QB7-2E,,Lancet,A4259,Brand,Patient Preference,Gauge,Patient Preference,Incision Depth,Patient Preference,Unit,N/A,,,,,,,,,,,,
HP1-L63V-TRD4-VH,Blood Glucose Meter Package,ByzJnOlLgqM8SqSb,Lancet,FALSE,1PF-0S-Q6C-XLFAL,,"Lancet, Libre, CGM, Box (400)",LNCT,,,,,Brand,Libre,,,,,Gauge,N/A,,,,,Incision Depth,N/A,,
HP1-L63V-TRD4-VH,Blood Glucose Meter Package,ByzJnOlLgqM8SqSb,Lancet,FALSE,1RL-N7-H5-TAI-SH,,"Lancet, VivaGuard Single Use, Box (100)",A4259,Brand,VivaGuard,,,,,Gauge,N/A,,,,,Incision Depth,N/A,,,,,Unit,Box (100)
HP1-L63V-TRD4-VH,Blood Glucose Meter Package,ByzJnOlLgqM8SqSb,Lancet,FALSE,4B9TV-XR-AR29-T2,,"Lancet, Box (100)",A4259,Brand,N/A,Gauge,N/A,Incision Depth,N/A,Unit,Each (1),,,,,,,,,,,,
HP1-L63V-TRD4-VH,Blood Glucose Meter Package,ByzJnOlLgqM8SqSb,Lancet,FALSE,679VA-GMP-SHA-XS,,"Lancet, Accu-Check Multistix, 30G, N/A, Box (102)",A4259,Brand,Accu-Check Multistix,,,,,Gauge,30G,,,,,Incision Depth,N/A,,,,,Unit,Box (102)
HP1-L63V-TRD4-VH,Blood Glucose Meter Package,ByzJnOlLgqM8SqSb,Lancet,FALSE,6C7-E1T-NQ2-ZFD5,1002,"Lancet, Unistik 3 Normal, 23G, 1.8MM, Box (100)",A4259,Brand,Unistik 3 Normal,,,,,Gauge,23G,,,,,Incision Depth,1.8MM,,,,,Unit,Box (100)
HP1-L63V-TRD4-VH,Blood Glucose Meter Package,ByzJnOlLgqM8SqSb,Lancet,FALSE,9B-32ZBZ-UJB-FEA,98682,"Lancet, Abbott, 28G, N/A, Box (200)",A4259,Brand,Abbott,,,,,Gauge,28G,,,,,Incision Depth,N/A,,,,,Unit,Box (200)
HP1-L63V-TRD4-VH,Blood Glucose Meter Package,ByzJnOlLgqM8SqSb,Lancet,FALSE,9DV-REL-JYHX-E6K,1042,"Lancet, Unistik 3 Comfort, 28G, 1.8MM, Box (100)",A4259,,,Brand,Unistik 3 Comfort,,,,,Gauge,28G,,,,,Incision Depth,1.8MM,,,,
HP1-L63V-TRD4-VH,Blood Glucose Meter Package,ByzJnOlLgqM8SqSb,Lancet,FALSE,9Z-FZ-PV-NCV-7ME,,"Lancet, Medtronic, CGM, Box (400)",LNCT,Brand,Medtronic,,,,,Gauge,N/A,,,,,Incision Depth,N/A,,,,,Unit,Box (400)
HP1-L63V-TRD4-VH,Blood Glucose Meter Package,ByzJnOlLgqM8SqSb,Lancet,FALSE,C3LDA-4NBYV-7C96,,"Lancet, TRUEplus, 30G, N/A, Box (100)",A4259,,,,,Brand,TRUEplus,,,,,Gauge,30G,,,,,Incision Depth,N/A,,
HP1-L63V-TRD4-VH,Blood Glucose Meter Package,ByzJnOlLgqM8SqSb,Lancet,FALSE,C766KNxiygUfTFEs,,"Lancet, Unistik 2 Extra, 21G, 3.0MM, Each (1)",A4259,Brand,Unistik 2 Extra,,,,,Gauge,21G,,,,,Incision Depth,3.0MM,,,,,Unit,Each (1)
HP1-L63V-TRD4-VH,Blood Glucose Meter Package,ByzJnOlLgqM8SqSb,Lancet,FALSE,CE-BFXC-UD-3H-Q4,585,"Lancet, Unilet, 33G, N/A, Case (50 Boxes)",A4259,Brand,Unilet,Gauge,33G,Incision Depth,N/A,Unit,Case (50 boxes),,,,,,,,,,,,
HP1-L63V-TRD4-VH,Blood Glucose Meter Package,ByzJnOlLgqM8SqSb,Lancet,FALSE,CF-EP-QEFH9-2MV3,,"Lancet, TRUEplus, 28G, N/A, Box (100)",A4259,Brand,TRUEplus,,,,,Gauge,28G,,,,,Incision Depth,N/A,,,,,Unit,Box (100)
HP1-L63V-TRD4-VH,Blood Glucose Meter Package,ByzJnOlLgqM8SqSb,Lancet,FALSE,CK-BQKX-N9A-6LKB,,"Lancet, Box (100)",A4259,,,Brand,N/A,,,,,Gauge,N/A,,,,,Incision Depth,N/A,,,,
HP1-L63V-TRD4-VH,Blood Glucose Meter Package,ByzJnOlLgqM8SqSb,Lancet,FALSE,E1-2QY-IK-36-TIV,1042,"Lancet, Unistik 3 Comfort, 28G, 1.8MM, Each (1)",A4259,,,Brand,Unistik 3 Comfort,,,,,Gauge,28G,,,,,Incision Depth,1.8MM,,,,
HP1-L63V-TRD4-VH,Blood Glucose Meter Package,ByzJnOlLgqM8SqSb,Lancet,FALSE,EA-9FB-C6PUZ-CEF,,"Lancet, Dexcom, CGM, Box (400)",LNCT,,,,,Brand,Dexcom,,,,,Gauge,N/A,,,,,Incision Depth,N/A,,
HP1-L63V-TRD4-VH,Blood Glucose Meter Package,ByzJnOlLgqM8SqSb,Lancet,FALSE,GR-93-ZU-IFQ-5KT,,Lancet,A4259,Brand,N/A,Gauge,N/A,Incision Depth,N/A,Unit,N/A,,,,,,,,,,,,
HP1-L63V-TRD4-VH,Blood Glucose Meter Package,ByzJnOlLgqM8SqSb,Lancet,FALSE,IS-UCNZ-KCHPH-94,1042,"Lancet, Unistik 3 Comfort, 28G, 1.8MM, Case (40 Boxes)",A4259,Brand,Unistik 3 Comfort,Gauge,28G,Incision Depth,1.8MM,Unit,Case (40 Boxes),,,,,,,,,,,,
HP1-L63V-TRD4-VH,Blood Glucose Meter Package,ByzJnOlLgqM8SqSb,Lancet,FALSE,J1-KR-JDBF-DB-B5,,"Lancet, Embrace, Box (100)",A4259,Brand,Embrace,Gauge,N/A,Incision Depth,N/A,Unit,Box (100),,,,,,,,,,,,
HP1-L63V-TRD4-VH,Blood Glucose Meter Package,ByzJnOlLgqM8SqSb,Lancet,FALSE,J64-3F-HIJI-FTKD,980128,"Lancet, Assure, 30G, N/A, Box (100)",A4259,,,Brand,Assure Lance,,,,,Gauge,30G,,,,,Incision Depth,N/A,,,,
HP1-L63V-TRD4-VH,Blood Glucose Meter Package,ByzJnOlLgqM8SqSb,Lancet,FALSE,JT-2M-3VDJN-TCI2,585,"Lancet, Unilet, 33G, N/A, Box (100)",A4259,Brand,Unilet,,,,,Gauge,33G,,,,,Incision Depth,N/A,,,,,Unit,Box (100)
HP1-L63V-TRD4-VH,Blood Glucose Meter Package,ByzJnOlLgqM8SqSb,Lancet,FALSE,K0-8B-6P3SL-GJKS,,"Lancet, TRUEplus, 33G, N/A, Box (100)",A4259,,,,,Brand,TRUEplus,,,,,Gauge,33G,,,,,Incision Depth,N/A,,
HP1-L63V-TRD4-VH,Blood Glucose Meter Package,ByzJnOlLgqM8SqSb,Lancet,FALSE,KQXQF-A5X8-71-FX,,"Lancet, McKesson, 30G, 1.8MM, Box (100)",A4259,Brand,McKesson,,,,,Gauge,30G,,,,,Incision Depth,1.8MM,,,,,Unit,Box (100)
HP1-L63V-TRD4-VH,Blood Glucose Meter Package,ByzJnOlLgqM8SqSb,Lancet,FALSE,MY-7U0SE-0LTJ-SV,,"Lancet, TRUEdraw, Each (1)",A4259,Brand,TRUEdraw,Gauge,N/A,Incision Depth,N/A,Unit,Each (1),,,,,,,,,,,,
HP1-L63V-TRD4-VH,Blood Glucose Meter Package,ByzJnOlLgqM8SqSb,Lancet,FALSE,MYZK-R5-CN-N8FIS,,"Lancet, OneTouch Delica, 33G, N/A, Each (1)",A4259,Brand,OneTouch Delica,,,,,Gauge,33G,,,,,Incision Depth,N/A,,,,,Unit,Each (1)
HP1-L63V-TRD4-VH,Blood Glucose Meter Package,ByzJnOlLgqM8SqSb,Lancet,FALSE,N4c5Xa3iNlvfujSK,,"Lancet, Unistik 2 Normal, 21G, 2.4MM, Each (1)",A4259,Brand,Unistik 2 Normal,,,,,Gauge,21G,,,,,Incision Depth,2.4MM,,,,,Unit,Each (1)
HP1-L63V-TRD4-VH,Blood Glucose Meter Package,ByzJnOlLgqM8SqSb,Lancet,FALSE,NHSK-93-4X94S-HU,,"Lancet, Sterilance, 30G, Box (100)",A4259,Brand,Sterilance,Gauge,30G,Incision Depth,N/A,Unit,Box (100),,,,,,,,,,,,
HP1-L63V-TRD4-VH,Blood Glucose Meter Package,ByzJnOlLgqM8SqSb,Lancet,FALSE,PF-7ZQ-Q4Z-C435N,,"Lancet, Lite Touch, 30G, N/A, Box (50)",A4259,Brand,Lite Touch,,,,,Gauge,30G,,,,,Incision Depth,N/A,,,,,Unit,Box (50)
HP1-L63V-TRD4-VH,Blood Glucose Meter Package,ByzJnOlLgqM8SqSb,Lancet,FALSE,R2-0IB-F29AK-UCP,,"Lancet, Sterilance, Box (50)",A4259,Brand,Sterilance,Gauge,N/A,Incision Depth,N/A,Unit,Box (50),,,,,,,,,,,,
HP1-L63V-TRD4-VH,Blood Glucose Meter Package,ByzJnOlLgqM8SqSb,Lancet,FALSE,SQZ7-MNK-3NC-5HS,,"Lancet, Embrace, Each (1)",A4259,Brand,Embrace,Gauge,N/A,Incision Depth,N/A,Unit,Each (1),,,,,,,,,,,,
HP1-L63V-TRD4-VH,Blood Glucose Meter Package,ByzJnOlLgqM8SqSb,Lancet,FALSE,XGT-GXU-M2JZR-6P,,"Lancet, Unistik 2 Low Flow, 28G, 1.8MM, Box (100)",A4259,Brand,Unistik 2 Low Flow,,,,,Gauge,28G,,,,,Incision Depth,1.8MM,,,,,Unit,Box (100)
HP1-L63V-TRD4-VH,Blood Glucose Meter Package,ByzJnOlLgqM8SqSb,Lancet,FALSE,nUdmo8jyXLjabCwX,,"Lancet, Droplet, 30G, N/A, Each (1)",A4259,,,Brand,Droplet,,,,,Gauge,30G,,,,,Incision Depth,N/A,,,,
HP1-L63V-TRD4-VH,Blood Glucose Meter Package,ByzJnOlLgqM8SqSb,Lancet,FALSE,p0Z8ut6scOpGHlXg,,"Lancet, Ultrasoft, 28G, N/A, Each (1)",A4259,,,Brand,Ultrasoft,,,,,Gauge,28G,,,,,Incision Depth,N/A,,,,
HP1-L63V-TRD4-VH,Blood Glucose Meter Package,ByzJnOlLgqM8SqSb,Lancet,FALSE,sFiSipJBptr9y0wn,,"Lancet, Medline, 21G, 2.4MM, Box (200)",A4259,,,,,Brand,Medline,,,,,Gauge,21G,,,,,Incision Depth,2.4MM,,
HP1-L63V-TRD4-VH,Blood Glucose Meter Package,ByzJnOlLgqM8SqSb,Lancet,FALSE,tKFomVrgLp10zpK7,,"Lancet, Microlet, 25G, 2.0MM, Each (1)",A4259,,,,,Brand,Microlet,,,,,Gauge,25G,,,,,Incision Depth,2.0MM,,
HP1-L63V-TRD4-VH,Blood Glucose Meter Package,ByzJnOlLgqM8SqSb,Lancet,FALSE,tfjRmLBuebwrn3VE,,"Lancet, Unistik 2, 28G, 1.8MM, Each (1)",A4259,Brand,Unistik 2,,,,,Gauge,28G,,,,,Incision Depth,1.8MM,,,,,Unit,Each (1)
HP1-L63V-TRD4-VH,Blood Glucose Meter Package,H85S-E7-RY8-I81G,Glucose Control Solution,FALSE,24F-RN-ZLU-GY4P5,,Glucose Control Solution,A4256,,,,,,,,,,,,,,,,,,,,
HP1-L63V-TRD4-VH,Blood Glucose Meter Package,H85S-E7-RY8-I81G,Glucose Control Solution,FALSE,4X-YZP8-C0ZS-3J2,,"Glucose Control Solution, 4 per year",A4256,,,,,,,,,,,,,,,,,,,,
HP1-L63V-TRD4-VH,Blood Glucose Meter Package,H85S-E7-RY8-I81G,Glucose Control Solution,FALSE,ABK0L-JVR5H-NDG7,,Glucose Control Solution (CGM),CONSOL,,,,,,,,,,,,,,,,,,,,
HP1-L63V-TRD4-VH,Blood Glucose Meter Package,H85S-E7-RY8-I81G,Glucose Control Solution,FALSE,I79-Q1DK-5653-R3,,Glucose Control Solution (CGM),CONSOL,,,,,,,,,,,,,,,,,,,,
HP1-L63V-TRD4-VH,Blood Glucose Meter Package,K6J-50KQ-31D-2S1,Insulin,FALSE,CK-6GK6-NF3R7-VG,,Insulin,J1817,Type of Insulin,N/A,,,,,,,,,,,,,,,,,,
HP1-L63V-TRD4-VH,Blood Glucose Meter Package,K6J-50KQ-31D-2S1,Insulin,FALSE,CNJ4T-291E-LTI7M,,"Insulin, Lispro, 100 units/mL",J1817,Type of Insulin,Lispro,,,,,,,,,,,,,,,,,,
HP1-L63V-TRD4-VH,Blood Glucose Meter Package,K6J-50KQ-31D-2S1,Insulin,FALSE,EG9-LD4-CXFD-JLK,,"Insulin Aspart, 100 units/mL, dispense 9 10 mL vials every 90 days, use as directed per prescriber via insulin pump, 4 refills",J1817,Type of Insulin,Aspart,,,,,,,,,,,,,,,,,,
HP1-L63V-TRD4-VH,Blood Glucose Meter Package,K6J-50KQ-31D-2S1,Insulin,FALSE,U2CU9-4P7PH-LN0F,,"Insulin Lispro, 100 units/mL, dispense 9 10 mL vials every 90 days, use as directed per prescriber via insulin pump, 4 refills",J1817,Type of Insulin,Lispro,,,,,,,,,,,,,,,,,,
HP1-L63V-TRD4-VH,Blood Glucose Meter Package,LGHU-K4-F0-2T58E,Lancing Device (Diabetes),FALSE,0S9P-YFC2D-LJ-81,,"Lancing Device (Diabetes), 2 per year",A4258,,,,,,,,,,,,,,,,,,,,
HP1-L63V-TRD4-VH,Blood Glucose Meter Package,LGHU-K4-F0-2T58E,Lancing Device (Diabetes),FALSE,EDIS-YBG-EDBK-IZ,,Lancing Device (Diabetes),LNCTD,,,,,,,,,,,,,,,,,,,,
HP1-L63V-TRD4-VH,Blood Glucose Meter Package,LGHU-K4-F0-2T58E,Lancing Device (Diabetes),FALSE,ES18F-RHZTF-35LN,,"Lancing Device (Diabetes), Refills if billed with: Rx- 3, Med- Lifetime",LNCTD,,,,,,,,,,,,,,,,,,,,
HP1-L63V-TRD4-VH,Blood Glucose Meter Package,LGHU-K4-F0-2T58E,Lancing Device (Diabetes),FALSE,J2UYA-4G9AX-Z0ZK,,Lancing Device (Diabetes),LNCTD,,,,,,,,,,,,,,,,,,,,
HP1-L63V-TRD4-VH,Blood Glucose Meter Package,LGHU-K4-F0-2T58E,Lancing Device (Diabetes),FALSE,JUZ6P-1P-YU7-2J4,,Lancing Device (Diabetes),A4258,,,,,,,,,,,,,,,,,,,,
HP1-L63V-TRD4-VH,Blood Glucose Meter Package,LTJCE-PRT-H6-SYS,Pen Syringes (Diabetes),FALSE,76-XLUBF-971-UT7,,Pen Syringes (Diabetes),A4206,,,,,,,,,,,,,,,,,,,,
HP1-L63V-TRD4-VH,Blood Glucose Meter Package,LTJCE-PRT-H6-SYS,Pen Syringes (Diabetes),FALSE,KPK-9X0-H6VL9-8M,,Pen Syringes (Diabetes),S8490,,,,,,,,,,,,,,,,,,,,
HP1-L63V-TRD4-VH,Blood Glucose Meter Package,LTJCE-PRT-H6-SYS,Pen Syringes (Diabetes),FALSE,V3-TS-K0G-5AZ-DX,,"Pen Syringes, Size to Patient Preference",A4206,,,,,,,,,,,,,,,,,,,,
HP1-L63V-TRD4-VH,Blood Glucose Meter Package,LTJCE-PRT-H6-SYS,Pen Syringes (Diabetes),FALSE,ZH3-BMJ3C-01-DIB,,Pen Syringes (Diabetes),PSYRGE,,,,,,,,,,,,,,,,,,,,
HP1-L63V-TRD4-VH,Blood Glucose Meter Package,M24EP-CACU-8B-R2,Ketone Strips,FALSE,8PF-YTI-868D-852,,Ketone Strips,A4250,,,,,,,,,,,,,,,,,,,,
HP1-L63V-TRD4-VH,Blood Glucose Meter Package,M24EP-CACU-8B-R2,Ketone Strips,FALSE,B26AN-K5R9-NC-H8,,Ketone Strips,A4252,,,,,,,,,,,,,,,,,,,,
HP1-L63V-TRD4-VH,Blood Glucose Meter Package,M24EP-CACU-8B-R2,Ketone Strips,FALSE,NUD-2JRS-Y3HP-5J,,Ketone Strips,,,,,,,,,,,,,,,,,,,,,
HP1-L63V-TRD4-VH,Blood Glucose Meter Package,M24EP-CACU-8B-R2,Ketone Strips,FALSE,P2-CDCN-GID-R4G9,,Ketone Strips,KETONE,,,,,,,,,,,,,,,,,,,,
HP1-L63V-TRD4-VH,Blood Glucose Meter Package,ZM-2Z0-1EUV1-DMI,Sterile Wipes (Diabetes),FALSE,89HAN-D1DX-02-QR,,Sterile Wipes (Diabetes),,,,,,,,,,,,,,,,,,,,,
HP1-L63V-TRD4-VH,Blood Glucose Meter Package,ZM-2Z0-1EUV1-DMI,Sterile Wipes (Diabetes),FALSE,CRMNU-BYP-3A-BHB,,Sterile Wipes (Diabetes),STLWPE,,,,,,,,,,,,,,,,,,,,
HP1-L63V-TRD4-VH,Blood Glucose Meter Package,ZM-2Z0-1EUV1-DMI,Sterile Wipes (Diabetes),FALSE,DC-T6-X8E-Q1-XPZ,,"Sterile Wipes (Diabetes), Box (200)",A4245,,,,,,,,,,,,,,,,,,,,
HP1-L63V-TRD4-VH,Blood Glucose Meter Package,ZM-2Z0-1EUV1-DMI,Sterile Wipes (Diabetes),FALSE,KP-VTSUR-XBLR-UT,,Sterile Wipes (Diabetes),A5120,,,,,,,,,,,,,,,,,,,,
HP1-L63V-TRD4-VH,Blood Glucose Meter Package,ZM-2Z0-1EUV1-DMI,Sterile Wipes (Diabetes),FALSE,TRH5-FT-R0RBV-J0,,Sterile Wipes (Diabetes),A4245,,,,,,,,,,,,,,,,,,,,
HP1-L63V-TRD4-VH,Blood Glucose Meter Package,cTElLEzXTuzMZ8uy,Blood Glucose Test Strips,FALSE,16X-DG6T-5P-S8XY,,"Blood Glucose Test Strips, Contour Next Link",BLDSTRP,Blood Glucose System,Contour Next Link (630G),Unit Amount,N/A,,,,,,,,,,,,,,,,
HP1-L63V-TRD4-VH,Blood Glucose Meter Package,cTElLEzXTuzMZ8uy,Blood Glucose Test Strips,FALSE,2rjN2nIJiGuJYlKi,,"Blood Glucose Test Strips, Breeze 2, Box (50)",A4253,Blood Glucose System,Breeze 2,,,,,,,Unit Amount,Box (50),,,,,,,,,,
HP1-L63V-TRD4-VH,Blood Glucose Meter Package,cTElLEzXTuzMZ8uy,Blood Glucose Test Strips,FALSE,3TST-SE-8D-YG-H1,,"Blood Glucose Test Strips, One Touch Blue, Box (50)",A4253,Blood Glucose System,One Touch Blue,,,,,,,Unit Amount,Box (50),,,,,,,,,,
HP1-L63V-TRD4-VH,Blood Glucose Meter Package,cTElLEzXTuzMZ8uy,Blood Glucose Test Strips,FALSE,3wjkT52k9DtpgRdD,,"Blood Glucose Test Strips, Prodigy Auto, Box (50)",A4253,Blood Glucose System,Prodigy Auto,,,,,,,Unit Amount,Box (50),,,,,,,,,,
HP1-L63V-TRD4-VH,Blood Glucose Meter Package,cTElLEzXTuzMZ8uy,Blood Glucose Test Strips,FALSE,4AEXI-DVP-R4-1HI,,"Blood Glucose Test Strips, Contour TS, Box (50)",A4253,,,,,,,Blood Glucose System,Contour TS,,,,,,,Unit Amount,Box (50),,,,
HP1-L63V-TRD4-VH,Blood Glucose Meter Package,cTElLEzXTuzMZ8uy,Blood Glucose Test Strips,FALSE,4PJ5-LC458-QCL5Z,,"Blood Glucose Test Strips, Advocate, Box (50)",A4253,,,Blood Glucose System,Advocate,,,,,,,Unit Amount,Box (50),,,,,,,,
HP1-L63V-TRD4-VH,Blood Glucose Meter Package,cTElLEzXTuzMZ8uy,Blood Glucose Test Strips,FALSE,5H-QC-FR63A-UQEA,,"Blood Glucose Test Strips, Dexcom G6, CGM, Box (400)",BLDSTRP,Blood Glucose System,Dexcom G6,,,,,,,Unit Amount,Box (400),,,,,,,,,,
HP1-L63V-TRD4-VH,Blood Glucose Meter Package,cTElLEzXTuzMZ8uy,Blood Glucose Test Strips,FALSE,5HF-31X-TSLE-K3S,,"Blood Glucose Test Strips, with Voice, Box (50)",A4253,Blood Glucose System,with Voice,Unit Amount,Box (50),,,,,,,,,,,,,,,,
HP1-L63V-TRD4-VH,Blood Glucose Meter Package,cTElLEzXTuzMZ8uy,Blood Glucose Test Strips,FALSE,5L4KM-U8-LC0-4RX,,"Blood Glucose Test Strips, Oaktree EasyMax, Box (50)",A4253,,,Blood Glucose System,Oaktree EasyMax,,,,,,,Unit Amount,Box (50),,,,,,,,
HP1-L63V-TRD4-VH,Blood Glucose Meter Package,cTElLEzXTuzMZ8uy,Blood Glucose Test Strips,FALSE,6RBY-RU2-UHQ7-1T,,Blood Glucose Test Strips,A4253,Blood Glucose System,n/a,Unit Amount,N/A,,,,,,,,,,,,,,,,
HP1-L63V-TRD4-VH,Blood Glucose Meter Package,cTElLEzXTuzMZ8uy,Blood Glucose Test Strips,FALSE,A3V-B4-HJ-LMK-V7,ABVGS01378,"Blood Glucose Test Strips, Able VivaGuard Ino, Box (50)",A4253,Blood Glucose System,Able VivaGuard Ino,Unit Amount,Box (50),,,,,,,,,,,,,,,,
HP1-L63V-TRD4-VH,Blood Glucose Meter Package,cTElLEzXTuzMZ8uy,Blood Glucose Test Strips,FALSE,Ac4FXkqlEhnxUKOc,,"Blood Glucose Test Strips, Ultra Trak Pro, Box (50)",A4253,,,Blood Glucose System,Ultra Trak Pro,,,,,,,Unit Amount,Box (50),,,,,,,,
HP1-L63V-TRD4-VH,Blood Glucose Meter Package,cTElLEzXTuzMZ8uy,Blood Glucose Test Strips,FALSE,BR-S8-IMR87-ZXI5,,"Blood Glucose Test Strips, Libre 2, CGM, Box (400)",BLDSTRP,,,,,,,Blood Glucose System,Libre 2,,,,,,,Unit Amount,Box (400),,,,
HP1-L63V-TRD4-VH,Blood Glucose Meter Package,cTElLEzXTuzMZ8uy,Blood Glucose Test Strips,FALSE,BT-AZ02-0SZFE-AT,,"Blood Glucose Test Strips, Home Aide Diagnostics, Box (50)",A4253,Blood Glucose System,Home Aide Diagnostics,,,,,,,Unit Amount,Box (50),,,,,,,,,,
HP1-L63V-TRD4-VH,Blood Glucose Meter Package,cTElLEzXTuzMZ8uy,Blood Glucose Test Strips,FALSE,BY-9X6-A4P9S-BMZ,,"Blood Glucose Test Strips, Medtronic, CGM, Box (400)",BLDSTRP,,,,,Blood Glucose System,Medtronic,,,,,,,Unit Amount,Box (400),,,,,,
HP1-L63V-TRD4-VH,Blood Glucose Meter Package,cTElLEzXTuzMZ8uy,Blood Glucose Test Strips,FALSE,DG8L8-8M-72C-U6L,,"Blood Glucose Test Strips, Box (50)",A4253,,,Blood Glucose System,n/a,,,,,,,Unit Amount,Box (50),,,,,,,,
HP1-L63V-TRD4-VH,Blood Glucose Meter Package,cTElLEzXTuzMZ8uy,Blood Glucose Test Strips,FALSE,E4UN6-LQ-1BS-FAS,,"Blood Glucose Test Strips, Caresense Box (50)",A4253,,,,,,,Blood Glucose System,CareSense,,,,,,,Unit Amount,Box (50),,,,
HP1-L63V-TRD4-VH,Blood Glucose Meter Package,cTElLEzXTuzMZ8uy,Blood Glucose Test Strips,FALSE,HVGL-XMC2-LJR-IA,7098C,"Blood Glucose Test Strips, Contour, Box (50)",A9275,Blood Glucose System,Contour,Unit Amount,Box (50),,,,,,,,,,,,,,,,
HP1-L63V-TRD4-VH,Blood Glucose Meter Package,cTElLEzXTuzMZ8uy,Blood Glucose Test Strips,FALSE,Hqyo9RsEJJxNDALz,,"Blood Glucose Test Strips, Bayer Contour, Box (50)",A4253,,,,,Blood Glucose System,Bayer Contour,,,,,,,Unit Amount,Box (50),,,,,,
HP1-L63V-TRD4-VH,Blood Glucose Meter Package,cTElLEzXTuzMZ8uy,Blood Glucose Test Strips,FALSE,J9L0-9UV6-QG6-UK,,"Blood Glucose Test Strips, Gmate, Box (50)",A4253,Blood Glucose System,Gmate,,,,,,,Unit Amount,Box (50),,,,,,,,,,
HP1-L63V-TRD4-VH,Blood Glucose Meter Package,cTElLEzXTuzMZ8uy,Blood Glucose Test Strips,FALSE,KC56R-S9XA-JEY6L,7098C,"Blood Glucose Test Strips, Contour, Uses a tiny 0.6 microliter blood sample for Contour® Next One Meter, Box (50)",A9275,Blood Glucose System,Contour Next One,Unit Amount,Box (50),,,,,,,,,,,,,,,,
HP1-L63V-TRD4-VH,Blood Glucose Meter Package,cTElLEzXTuzMZ8uy,Blood Glucose Test Strips,FALSE,MLT8ms9yRR3Va1uA,,"Blood Glucose Test Strips, TRUEtrack, Box (100)",A4253,,,Blood Glucose System,TRUEtrack,,,,,,,Unit Amount,Box (100),,,,,,,,
HP1-L63V-TRD4-VH,Blood Glucose Meter Package,cTElLEzXTuzMZ8uy,Blood Glucose Test Strips,FALSE,Mikj6Khha6rvTQLK,,"Blood Glucose Test Strips, Evencare G2, Box (50)",A4253,,,,,Blood Glucose System,Evencare G2,,,,,,,Unit Amount,Box (50),,,,,,
HP1-L63V-TRD4-VH,Blood Glucose Meter Package,cTElLEzXTuzMZ8uy,Blood Glucose Test Strips,FALSE,Q8-S0F3-T8EH4-10,,"Blood Glucose Test Strips, Freestyle Lite, Box (50)",A4253,,,,,Blood Glucose System,Freestyle Lite,,,,,,,Unit Amount,Box (50),,,,,,
HP1-L63V-TRD4-VH,Blood Glucose Meter Package,cTElLEzXTuzMZ8uy,Blood Glucose Test Strips,FALSE,SFS-1D-02LXK-FHQ,,"Blood Glucose Test Strips, Freestyle Precision Neo, Box (50)",A4253,,,,,,,Blood Glucose System,Freestyle Precision Neo,,,,,,,Unit Amount,Box (50),,,,
HP1-L63V-TRD4-VH,Blood Glucose Meter Package,cTElLEzXTuzMZ8uy,Blood Glucose Test Strips,FALSE,TB-AR7S-DCP1-GFT,5300050,"Blood Glucose Test Strips, Assure Prism, Case (240)",A4253,Blood Glucose System,Assure Prism,,,,,,,Unit Amount,Case (240),,,,,,,,,,
HP1-L63V-TRD4-VH,Blood Glucose Meter Package,cTElLEzXTuzMZ8uy,Blood Glucose Test Strips,FALSE,TJ8D-EXLXI-82-LY,,"Blood Glucose Test Strips, VivaGuard, Box (100)",A4253,,,Blood Glucose System,VivaGuard,,,,,,,Unit Amount,Box (100),,,,,,,,
HP1-L63V-TRD4-VH,Blood Glucose Meter Package,cTElLEzXTuzMZ8uy,Blood Glucose Test Strips,FALSE,U9IGeeNyKeApFHNA,,"Blood Glucose Test Strips, Aviva Accu-Check, Box (50)",A4253,,,,,,,Blood Glucose System,Aviva Accu-Check,,,,,,,Unit Amount,Box (50),,,,
HP1-L63V-TRD4-VH,Blood Glucose Meter Package,cTElLEzXTuzMZ8uy,Blood Glucose Test Strips,FALSE,UY-TC-4KA-KHE-2C,,"Blood Glucose Test Strips, Embrace Talk, Box (50)",A4253,,,,,,,Blood Glucose System,Embrace Talk,,,,,,,Unit Amount,Box (50),,,,
HP1-L63V-TRD4-VH,Blood Glucose Meter Package,cTElLEzXTuzMZ8uy,Blood Glucose Test Strips,FALSE,V7S-VIQ-TBX-1PTF,,"Blood Glucose Test Strips, Bayer Ascensia, Box (50)",A4253,Blood Glucose System,Bayer Ascensia,,,,,,,Unit Amount,Box (50),,,,,,,,,,
HP1-L63V-TRD4-VH,Blood Glucose Meter Package,cTElLEzXTuzMZ8uy,Blood Glucose Test Strips,FALSE,VE-16-UDL-7C8-EH,,"Blood Glucose Test Strips, VivaGuard, Box (50)",A4253,,,,,Blood Glucose System,VivaGuard,,,,,,,Unit Amount,Box (50),,,,,,
HP1-L63V-TRD4-VH,Blood Glucose Meter Package,cTElLEzXTuzMZ8uy,Blood Glucose Test Strips,FALSE,VJZ8V-IXD9-Z6-N8,,"Blood Glucose Test Strips, Accu-Chek Guide",BLDSTRP,Blood Glucose System,Accu-Chek Guide Link (780G & 770G),Unit Amount,N/A,,,,,,,,,,,,,,,,
HP1-L63V-TRD4-VH,Blood Glucose Meter Package,cTElLEzXTuzMZ8uy,Blood Glucose Test Strips,FALSE,VQOKBOSP6uMbb32R,,"Blood Glucose Test Strips, Freestyle Lite, Box (100)",A4253,,,Blood Glucose System,Freestyle Lite,,,,,,,Unit Amount,Box (100),,,,,,,,
HP1-L63V-TRD4-VH,Blood Glucose Meter Package,cTElLEzXTuzMZ8uy,Blood Glucose Test Strips,FALSE,YTGX-JL-PK3T-T2X,5500050,"Blood Glucose Test Strips, Assure Platinum, Box (50)",A4253,,,Blood Glucose System,Assure Platinum,,,,,,,Unit Amount,Box (50),,,,,,,,
HP1-L63V-TRD4-VH,Blood Glucose Meter Package,cTElLEzXTuzMZ8uy,Blood Glucose Test Strips,FALSE,ZJ9Y-SLIH-9V-90N,2297804,"Blood Glucose Test Strips, One Touch Verio, Box (50)",A4253,,,,,,,Blood Glucose System,One Touch Verio,,,,,,,Unit Amount,Box (50),,,,
HP1-L63V-TRD4-VH,Blood Glucose Meter Package,cTElLEzXTuzMZ8uy,Blood Glucose Test Strips,FALSE,ZT-ICUPZ-DXQ0-FU,,"Blood Glucose Test Strips, True Metrix, Box (50)",A4253,,,,,,,Blood Glucose System,True Metrix,,,,,,,Unit Amount,Box (50),,,,
HP1-L63V-TRD4-VH,Blood Glucose Meter Package,cTElLEzXTuzMZ8uy,Blood Glucose Test Strips,FALSE,fhkKPOYNweUwyqBu,,"Blood Glucose Test Strips, TRUEresult, Box (50)",A4253,,,,,,,Blood Glucose System,TRUEresult,,,,,,,Unit Amount,Box (50),,,,
HP1-L63V-TRD4-VH,Blood Glucose Meter Package,cTElLEzXTuzMZ8uy,Blood Glucose Test Strips,FALSE,nrd3CLEhLyn3Z0FU,,"Blood Glucose Test Strips, One Touch Ultra, Box (50)",A4253,,,,,Blood Glucose System,One Touch Ultra,,,,,,,Unit Amount,Box (50),,,,,,
HP1-L63V-TRD4-VH,Blood Glucose Meter Package,cTElLEzXTuzMZ8uy,Blood Glucose Test Strips,FALSE,o0krVrCzEs8E2JRp,,"Blood Glucose Test Strips, Prodigy Voice, Box (50)",A4253,,,,,,,Blood Glucose System,Prodigy Voice,,,,,,,Unit Amount,Box (50),,,,
HP1-L63V-TRD4-VH,Blood Glucose Meter Package,cTElLEzXTuzMZ8uy,Blood Glucose Test Strips,FALSE,qKorw5rsLmb5RwX1,,"Blood Glucose Test Strips, Contour, Box (50)",A4253,,,Blood Glucose System,Contour,,,,,,,Unit Amount,Box (50),,,,,,,,
HP1-L63V-TRD4-VH,Blood Glucose Meter Package,cTElLEzXTuzMZ8uy,Blood Glucose Test Strips,FALSE,qp3ItHgp1ihGizS2,,"Blood Glucose Test Strips, TRUEbalance, Box (50)",A4253,Blood Glucose System,TRUEbalance,,,,,,,Unit Amount,Box (50),,,,,,,,,,
HP1-L63V-TRD4-VH,Blood Glucose Meter Package,cTElLEzXTuzMZ8uy,Blood Glucose Test Strips,FALSE,xAdZQHwiL50IQCnQ,,"Blood Glucose Test Strips, Bayer Contour Next, Box (50)",A4253,Blood Glucose System,Bayer Contour Next,,,,,,,Unit Amount,Box (50),,,,,,,,,,
HP1-L63V-TRD4-VH,Blood Glucose Meter Package,cTElLEzXTuzMZ8uy,Blood Glucose Test Strips,FALSE,ycqqMk77FxL2iFL0,,"Blood Glucose Test Strips, Freestyle, Box (50)",A4253,,,,,Blood Glucose System,Freestyle,,,,,,,Unit Amount,Box (50),,,,,,
HP1-L63V-TRD4-VH,Blood Glucose Meter Package,kUekuZQAyPe1EiLO,Blood Glucose Meter,TRUE,13RZH-DRHL-9G-6S,,"Blood Glucose Meter, Advocate, Each (1)",E2100,Blood Glucose System,Advocate,Unit,Each (1),,,,,,,,,,,,,,,,
HP1-L63V-TRD4-VH,Blood Glucose Meter Package,kUekuZQAyPe1EiLO,Blood Glucose Meter,TRUE,4LBL-M97-LBZ-UL4,,"Blood Glucose Meter, Glucocard Expression, Each (1)",E0607,Blood Glucose System,Glucocard Expression,Unit,Each (1),,,,,,,,,,,,,,,,
HP1-L63V-TRD4-VH,Blood Glucose Meter Package,kUekuZQAyPe1EiLO,Blood Glucose Meter,TRUE,76Y-3K-LXJC-3NJH,,"Blood Glucose Meter, Evencare G3 (Prof. Use), Each (1)",A4253,Blood Glucose System,Evencare G3 (Prof. Use),Unit,Each (1),,,,,,,,,,,,,,,,
HP1-L63V-TRD4-VH,Blood Glucose Meter Package,kUekuZQAyPe1EiLO,Blood Glucose Meter,TRUE,9ZC7R-KSK-HX-ARB,500001,"Blood Glucose Meter, Assure Platinum, Each (1)",E0607,Blood Glucose System,Assure Platinum,Unit,Each (1),,,,,,,,,,,,,,,,
HP1-L63V-TRD4-VH,Blood Glucose Meter Package,kUekuZQAyPe1EiLO,Blood Glucose Meter,TRUE,BRC-AGMA6-GC-UZK,24045,"Blood Glucose Meter, One Touch Verio, Kit (1)",A4649,Blood Glucose System,One Touch Verio,Unit,Kit (1),,,,,,,,,,,,,,,,
HP1-L63V-TRD4-VH,Blood Glucose Meter Package,kUekuZQAyPe1EiLO,Blood Glucose Meter,TRUE,CSyeUdYjGHc2fODJ,,"Blood Glucose Meter, Evencare G2, Each (1)",E2100,Blood Glucose System,Evencare G2,Unit,Each (1),,,,,,,,,,,,,,,,
HP1-L63V-TRD4-VH,Blood Glucose Meter Package,kUekuZQAyPe1EiLO,Blood Glucose Meter,TRUE,J7L-LJH-96-8JMI2,,"Blood Glucose Meter, Caresense, Each (1)",E0607,Blood Glucose System,CareSense,Unit,Each (1),,,,,,,,,,,,,,,,
HP1-L63V-TRD4-VH,Blood Glucose Meter Package,kUekuZQAyPe1EiLO,Blood Glucose Meter,TRUE,JX-RQ-PIE-LGI-J3,,"Blood Glucose Meter, Bayer Contour Next, Each (1)",E0607,Blood Glucose System,Bayer Contour Next,Unit,Each (1),,,,,,,,,,,,,,,,
HP1-L63V-TRD4-VH,Blood Glucose Meter Package,kUekuZQAyPe1EiLO,Blood Glucose Meter,TRUE,K6V-IZH-J5F-1REB,,"Blood Glucose Meter with Voice, Each (1)",E2100,Blood Glucose System,with Voice,Unit,Each (1),,,,,,,,,,,,,,,,
HP1-L63V-TRD4-VH,Blood Glucose Meter Package,kUekuZQAyPe1EiLO,Blood Glucose Meter,TRUE,KE5EM-EVID-LQ9PS,,"Blood Glucose Meter, CareSense Voice, Each (1)",E0607,Blood Glucose System,CareSense Voice,Unit,Each (1),,,,,,,,,,,,,,,,
HP1-L63V-TRD4-VH,Blood Glucose Meter Package,kUekuZQAyPe1EiLO,Blood Glucose Meter,TRUE,LM270-Q93-7QI-K7,,"Blood Glucose Meter, Evencare G2, Each (1)",A4253,Blood Glucose System,Evencare G2,Unit,Each (1),,,,,,,,,,,,,,,,
HP1-L63V-TRD4-VH,Blood Glucose Meter Package,kUekuZQAyPe1EiLO,Blood Glucose Meter,TRUE,r5qaaRriep6kqGm8,,"Blood Glucose Meter, Evencare G3 (Prof. Use), Each (1)",A4649,Blood Glucose System,Evencare G3 (Prof. Use),Unit,Each (1),,,,,,,,,,,,,,,,
XV-XGJT-JK3-0K4M,Blood Glucose Test Strips,cTElLEzXTuzMZ8uy,Blood Glucose Test Strips,TRUE,2rjN2nIJiGuJYlKi,,"Blood Glucose Test Strips, Breeze 2, Box (50)",A4253,,,Blood Glucose System,Breeze 2,,,,,,,Unit Amount,Box (50),,,,,,,,
XV-XGJT-JK3-0K4M,Blood Glucose Test Strips,cTElLEzXTuzMZ8uy,Blood Glucose Test Strips,TRUE,3TST-SE-8D-YG-H1,,"Blood Glucose Test Strips, One Touch Blue, Box (50)",A4253,,,,,Blood Glucose System,One Touch Blue,,,,,,,Unit Amount,Box (50),,,,,,
XV-XGJT-JK3-0K4M,Blood Glucose Test Strips,cTElLEzXTuzMZ8uy,Blood Glucose Test Strips,TRUE,3wjkT52k9DtpgRdD,,"Blood Glucose Test Strips, Prodigy Auto, Box (50)",A4253,,,Blood Glucose System,Prodigy Auto,,,,,,,Unit Amount,Box (50),,,,,,,,
XV-XGJT-JK3-0K4M,Blood Glucose Test Strips,cTElLEzXTuzMZ8uy,Blood Glucose Test Strips,TRUE,4AEXI-DVP-R4-1HI,,"Blood Glucose Test Strips, Contour TS, Box (50)",A4253,Blood Glucose System,Contour TS,,,,,,,Unit Amount,Box (50),,,,,,,,,,
XV-XGJT-JK3-0K4M,Blood Glucose Test Strips,cTElLEzXTuzMZ8uy,Blood Glucose Test Strips,TRUE,4PJ5-LC458-QCL5Z,,"Blood Glucose Test Strips, Advocate, Box (50)",A4253,,,,,Blood Glucose System,Advocate,,,,,,,Unit Amount,Box (50),,,,,,
XV-XGJT-JK3-0K4M,Blood Glucose Test Strips,cTElLEzXTuzMZ8uy,Blood Glucose Test Strips,TRUE,5H-QC-FR63A-UQEA,,"Blood Glucose Test Strips, Dexcom G6, CGM, Box (400)",BLDSTRP,,,Blood Glucose System,Dexcom G6,,,,,,,Unit Amount,Box (400),,,,,,,,
XV-XGJT-JK3-0K4M,Blood Glucose Test Strips,cTElLEzXTuzMZ8uy,Blood Glucose Test Strips,TRUE,5L4KM-U8-LC0-4RX,,"Blood Glucose Test Strips, Oaktree EasyMax, Box (50)",A4253,,,,,,,Blood Glucose System,Oaktree EasyMax,,,,,,,Unit Amount,Box (50),,,,
XV-XGJT-JK3-0K4M,Blood Glucose Test Strips,cTElLEzXTuzMZ8uy,Blood Glucose Test Strips,TRUE,Ac4FXkqlEhnxUKOc,,"Blood Glucose Test Strips, Ultra Trak Pro, Box (50)",A4253,Blood Glucose System,Ultra Trak Pro,,,,,,,Unit Amount,Box (50),,,,,,,,,,
XV-XGJT-JK3-0K4M,Blood Glucose Test Strips,cTElLEzXTuzMZ8uy,Blood Glucose Test Strips,TRUE,BR-S8-IMR87-ZXI5,,"Blood Glucose Test Strips, Libre 2, CGM, Box (400)",BLDSTRP,Blood Glucose System,Libre 2,,,,,,,Unit Amount,Box (400),,,,,,,,,,
XV-XGJT-JK3-0K4M,Blood Glucose Test Strips,cTElLEzXTuzMZ8uy,Blood Glucose Test Strips,TRUE,BT-AZ02-0SZFE-AT,,"Blood Glucose Test Strips, Home Aide Diagnostics, Box (50)",A4253,,,Blood Glucose System,Home Aide Diagnostics,,,,,,,Unit Amount,Box (50),,,,,,,,
XV-XGJT-JK3-0K4M,Blood Glucose Test Strips,cTElLEzXTuzMZ8uy,Blood Glucose Test Strips,TRUE,BY-9X6-A4P9S-BMZ,,"Blood Glucose Test Strips, Medtronic, CGM, Box (400)",BLDSTRP,Blood Glucose System,Medtronic,,,,,,,Unit Amount,Box (400),,,,,,,,,,
XV-XGJT-JK3-0K4M,Blood Glucose Test Strips,cTElLEzXTuzMZ8uy,Blood Glucose Test Strips,TRUE,DG8L8-8M-72C-U6L,,"Blood Glucose Test Strips, Box (50)",A4253,,,,,Blood Glucose System,n/a,,,,,,,Unit Amount,Box (50),,,,,,
XV-XGJT-JK3-0K4M,Blood Glucose Test Strips,cTElLEzXTuzMZ8uy,Blood Glucose Test Strips,TRUE,E4UN6-LQ-1BS-FAS,,"Blood Glucose Test Strips, Caresense Box (50)",A4253,Blood Glucose System,CareSense,,,,,,,Unit Amount,Box (50),,,,,,,,,,
XV-XGJT-JK3-0K4M,Blood Glucose Test Strips,cTElLEzXTuzMZ8uy,Blood Glucose Test Strips,TRUE,Hqyo9RsEJJxNDALz,,"Blood Glucose Test Strips, Bayer Contour, Box (50)",A4253,Blood Glucose System,Bayer Contour,,,,,,,Unit Amount,Box (50),,,,,,,,,,
XV-XGJT-JK3-0K4M,Blood Glucose Test Strips,cTElLEzXTuzMZ8uy,Blood Glucose Test Strips,TRUE,J9L0-9UV6-QG6-UK,,"Blood Glucose Test Strips, Gmate, Box (50)",A4253,,,Blood Glucose System,Gmate,,,,,,,Unit Amount,Box (50),,,,,,,,
XV-XGJT-JK3-0K4M,Blood Glucose Test Strips,cTElLEzXTuzMZ8uy,Blood Glucose Test Strips,TRUE,MLT8ms9yRR3Va1uA,,"Blood Glucose Test Strips, TRUEtrack, Box (100)",A4253,,,,,Blood Glucose System,TRUEtrack,,,,,,,Unit Amount,Box (100),,,,,,
XV-XGJT-JK3-0K4M,Blood Glucose Test Strips,cTElLEzXTuzMZ8uy,Blood Glucose Test Strips,TRUE,Mikj6Khha6rvTQLK,,"Blood Glucose Test Strips, Evencare G2, Box (50)",A4253,Blood Glucose System,Evencare G2,,,,,,,Unit Amount,Box (50),,,,,,,,,,
XV-XGJT-JK3-0K4M,Blood Glucose Test Strips,cTElLEzXTuzMZ8uy,Blood Glucose Test Strips,TRUE,Q8-S0F3-T8EH4-10,,"Blood Glucose Test Strips, Freestyle Lite, Box (50)",A4253,,,Blood Glucose System,Freestyle Lite,,,,,,,Unit Amount,Box (50),,,,,,,,
XV-XGJT-JK3-0K4M,Blood Glucose Test Strips,cTElLEzXTuzMZ8uy,Blood Glucose Test Strips,TRUE,SFS-1D-02LXK-FHQ,,"Blood Glucose Test Strips, Freestyle Precision Neo, Box (50)",A4253,Blood Glucose System,Freestyle Precision Neo,,,,,,,Unit Amount,Box (50),,,,,,,,,,
XV-XGJT-JK3-0K4M,Blood Glucose Test Strips,cTElLEzXTuzMZ8uy,Blood Glucose Test Strips,TRUE,TB-AR7S-DCP1-GFT,5300050,"Blood Glucose Test Strips, Assure Prism, Case (240)",A4253,,,,,,,Blood Glucose System,Assure Prism,,,,,,,Unit Amount,Case (240),,,,
XV-XGJT-JK3-0K4M,Blood Glucose Test Strips,cTElLEzXTuzMZ8uy,Blood Glucose Test Strips,TRUE,TJ8D-EXLXI-82-LY,,"Blood Glucose Test Strips, VivaGuard, Box (100)",A4253,,,,,Blood Glucose System,VivaGuard,,,,,,,Unit Amount,Box (100),,,,,,
XV-XGJT-JK3-0K4M,Blood Glucose Test Strips,cTElLEzXTuzMZ8uy,Blood Glucose Test Strips,TRUE,U9IGeeNyKeApFHNA,,"Blood Glucose Test Strips, Aviva Accu-Check, Box (50)",A4253,Blood Glucose System,Aviva Accu-Check,,,,,,,Unit Amount,Box (50),,,,,,,,,,
XV-XGJT-JK3-0K4M,Blood Glucose Test Strips,cTElLEzXTuzMZ8uy,Blood Glucose Test Strips,TRUE,UY-TC-4KA-KHE-2C,,"Blood Glucose Test Strips, Embrace Talk, Box (50)",A4253,,,Blood Glucose System,Embrace Talk,,,,,,,Unit Amount,Box (50),,,,,,,,
XV-XGJT-JK3-0K4M,Blood Glucose Test Strips,cTElLEzXTuzMZ8uy,Blood Glucose Test Strips,TRUE,V7S-VIQ-TBX-1PTF,,"Blood Glucose Test Strips, Bayer Ascensia, Box (50)",A4253,,,Blood Glucose System,Bayer Ascensia,,,,,,,Unit Amount,Box (50),,,,,,,,
XV-XGJT-JK3-0K4M,Blood Glucose Test Strips,cTElLEzXTuzMZ8uy,Blood Glucose Test Strips,TRUE,VE-16-UDL-7C8-EH,,"Blood Glucose Test Strips, VivaGuard, Box (50)",A4253,,,,,,,Blood Glucose System,VivaGuard,,,,,,,Unit Amount,Box (50),,,,
XV-XGJT-JK3-0K4M,Blood Glucose Test Strips,cTElLEzXTuzMZ8uy,Blood Glucose Test Strips,TRUE,VQOKBOSP6uMbb32R,,"Blood Glucose Test Strips, Freestyle Lite, Box (100)",A4253,Blood Glucose System,Freestyle Lite,,,,,,,Unit Amount,Box (100),,,,,,,,,,
XV-XGJT-JK3-0K4M,Blood Glucose Test Strips,cTElLEzXTuzMZ8uy,Blood Glucose Test Strips,TRUE,YTGX-JL-PK3T-T2X,5500050,"Blood Glucose Test Strips, Assure Platinum, Box (50)",A4253,,,,,Blood Glucose System,Assure Platinum,,,,,,,Unit Amount,Box (50),,,,,,
XV-XGJT-JK3-0K4M,Blood Glucose Test Strips,cTElLEzXTuzMZ8uy,Blood Glucose Test Strips,TRUE,ZJ9Y-SLIH-9V-90N,2297804,"Blood Glucose Test Strips, One Touch Verio, Box (50)",A4253,Blood Glucose System,One Touch Verio,,,,,,,Unit Amount,Box (50),,,,,,,,,,
XV-XGJT-JK3-0K4M,Blood Glucose Test Strips,cTElLEzXTuzMZ8uy,Blood Glucose Test Strips,TRUE,ZT-ICUPZ-DXQ0-FU,,"Blood Glucose Test Strips, True Metrix, Box (50)",A4253,Blood Glucose System,True Metrix,,,,,,,Unit Amount,Box (50),,,,,,,,,,
XV-XGJT-JK3-0K4M,Blood Glucose Test Strips,cTElLEzXTuzMZ8uy,Blood Glucose Test Strips,TRUE,fhkKPOYNweUwyqBu,,"Blood Glucose Test Strips, TRUEresult, Box (50)",A4253,Blood Glucose System,TRUEresult,,,,,,,Unit Amount,Box (50),,,,,,,,,,
XV-XGJT-JK3-0K4M,Blood Glucose Test Strips,cTElLEzXTuzMZ8uy,Blood Glucose Test Strips,TRUE,nrd3CLEhLyn3Z0FU,,"Blood Glucose Test Strips, One Touch Ultra, Box (50)",A4253,Blood Glucose System,One Touch Ultra,,,,,,,Unit Amount,Box (50),,,,,,,,,,
XV-XGJT-JK3-0K4M,Blood Glucose Test Strips,cTElLEzXTuzMZ8uy,Blood Glucose Test Strips,TRUE,o0krVrCzEs8E2JRp,,"Blood Glucose Test Strips, Prodigy Voice, Box (50)",A4253,,,,,Blood Glucose System,Prodigy Voice,,,,,,,Unit Amount,Box (50),,,,,,
XV-XGJT-JK3-0K4M,Blood Glucose Test Strips,cTElLEzXTuzMZ8uy,Blood Glucose Test Strips,TRUE,qKorw5rsLmb5RwX1,,"Blood Glucose Test Strips, Contour, Box (50)",A4253,,,,,Blood Glucose System,Contour,,,,,,,Unit Amount,Box (50),,,,,,
XV-XGJT-JK3-0K4M,Blood Glucose Test Strips,cTElLEzXTuzMZ8uy,Blood Glucose Test Strips,TRUE,qp3ItHgp1ihGizS2,,"Blood Glucose Test Strips, TRUEbalance, Box (50)",A4253,,,,,Blood Glucose System,TRUEbalance,,,,,,,Unit Amount,Box (50),,,,,,
XV-XGJT-JK3-0K4M,Blood Glucose Test Strips,cTElLEzXTuzMZ8uy,Blood Glucose Test Strips,TRUE,xAdZQHwiL50IQCnQ,,"Blood Glucose Test Strips, Bayer Contour Next, Box (50)",A4253,,,,,Blood Glucose System,Bayer Contour Next,,,,,,,Unit Amount,Box (50),,,,,,
XV-XGJT-JK3-0K4M,Blood Glucose Test Strips,cTElLEzXTuzMZ8uy,Blood Glucose Test Strips,TRUE,ycqqMk77FxL2iFL0,,"Blood Glucose Test Strips, Freestyle, Box (50)",A4253,,,Blood Glucose System,Freestyle,,,,,,,Unit Amount,Box (50),,,,,,,,
ZXJ6D-517-CJ-G01,Home Blood Glucose Monitor Package,8M-FX-BNMN7-S043,Pen Needles (Diabetes),FALSE,K7AJ-LZ5-EDBZ-X1,,"Pen Needles (Diabetes), Size to Patient Preference",A4215,,,,,,,,,,,,,,,,,,,,
ZXJ6D-517-CJ-G01,Home Blood Glucose Monitor Package,8M-FX-BNMN7-S043,Pen Needles (Diabetes),FALSE,PB9-ZYAM-EMEB-8T,,Pen Needles (Diabetes),PNDLE,,,,,,,,,,,,,,,,,,,,
ZXJ6D-517-CJ-G01,Home Blood Glucose Monitor Package,ByzJnOlLgqM8SqSb,Lancet,FALSE,0RV-ZQX-J3JXH-I8,,"Lancet, VivaGuard Single Use, Box (50)",A4259,,,,,Brand,VivaGuard,,,,,Gauge,N/A,,,,,Incision Depth,N/A,,
ZXJ6D-517-CJ-G01,Home Blood Glucose Monitor Package,ByzJnOlLgqM8SqSb,Lancet,FALSE,1PF-0S-Q6C-XLFAL,,"Lancet, Libre, CGM, Box (400)",LNCT,,,Brand,Libre,,,,,Gauge,N/A,,,,,Incision Depth,N/A,,,,
ZXJ6D-517-CJ-G01,Home Blood Glucose Monitor Package,ByzJnOlLgqM8SqSb,Lancet,FALSE,1RL-N7-H5-TAI-SH,,"Lancet, VivaGuard Single Use, Box (100)",A4259,,,Brand,VivaGuard,,,,,Gauge,N/A,,,,,Incision Depth,N/A,,,,
ZXJ6D-517-CJ-G01,Home Blood Glucose Monitor Package,ByzJnOlLgqM8SqSb,Lancet,FALSE,679VA-GMP-SHA-XS,,"Lancet, Accu-Check Multistix, 30G, N/A, Box (102)",A4259,,,Brand,Accu-Check Multistix,,,,,Gauge,30G,,,,,Incision Depth,N/A,,,,
ZXJ6D-517-CJ-G01,Home Blood Glucose Monitor Package,ByzJnOlLgqM8SqSb,Lancet,FALSE,6C7-E1T-NQ2-ZFD5,1002,"Lancet, Unistik 3 Normal, 23G, 1.8MM, Box (100)",A4259,,,Brand,Unistik 3 Normal,,,,,Gauge,23G,,,,,Incision Depth,1.8MM,,,,
ZXJ6D-517-CJ-G01,Home Blood Glucose Monitor Package,ByzJnOlLgqM8SqSb,Lancet,FALSE,9B-32ZBZ-UJB-FEA,98682,"Lancet, Abbott, 28G, N/A, Box (200)",A4259,,,,,Brand,Abbott,,,,,Gauge,28G,,,,,Incision Depth,N/A,,
ZXJ6D-517-CJ-G01,Home Blood Glucose Monitor Package,ByzJnOlLgqM8SqSb,Lancet,FALSE,9DV-REL-JYHX-E6K,1042,"Lancet, Unistik 3 Comfort, 28G, 1.8MM, Box (100)",A4259,,,,,Brand,Unistik 3 Comfort,,,,,Gauge,28G,,,,,Incision Depth,1.8MM,,
ZXJ6D-517-CJ-G01,Home Blood Glucose Monitor Package,ByzJnOlLgqM8SqSb,Lancet,FALSE,9Z-FZ-PV-NCV-7ME,,"Lancet, Medtronic, CGM, Box (400)",LNCT,,,Brand,Medtronic,,,,,Gauge,N/A,,,,,Incision Depth,N/A,,,,
ZXJ6D-517-CJ-G01,Home Blood Glucose Monitor Package,ByzJnOlLgqM8SqSb,Lancet,FALSE,C3LDA-4NBYV-7C96,,"Lancet, TRUEplus, 30G, N/A, Box (100)",A4259,,,Brand,TRUEplus,,,,,Gauge,30G,,,,,Incision Depth,N/A,,,,
ZXJ6D-517-CJ-G01,Home Blood Glucose Monitor Package,ByzJnOlLgqM8SqSb,Lancet,FALSE,C766KNxiygUfTFEs,,"Lancet, Unistik 2 Extra, 21G, 3.0MM, Each (1)",A4259,,,Brand,Unistik 2 Extra,,,,,Gauge,21G,,,,,Incision Depth,3.0MM,,,,
ZXJ6D-517-CJ-G01,Home Blood Glucose Monitor Package,ByzJnOlLgqM8SqSb,Lancet,FALSE,CF-EP-QEFH9-2MV3,,"Lancet, TRUEplus, 28G, N/A, Box (100)",A4259,,,Brand,TRUEplus,,,,,Gauge,28G,,,,,Incision Depth,N/A,,,,
ZXJ6D-517-CJ-G01,Home Blood Glucose Monitor Package,ByzJnOlLgqM8SqSb,Lancet,FALSE,CK-BQKX-N9A-6LKB,,"Lancet, Box (100)",A4259,,,,,Brand,N/A,,,,,Gauge,N/A,,,,,Incision Depth,N/A,,
ZXJ6D-517-CJ-G01,Home Blood Glucose Monitor Package,ByzJnOlLgqM8SqSb,Lancet,FALSE,E1-2QY-IK-36-TIV,1042,"Lancet, Unistik 3 Comfort, 28G, 1.8MM, Each (1)",A4259,,,,,Brand,Unistik 3 Comfort,,,,,Gauge,28G,,,,,Incision Depth,1.8MM,,
ZXJ6D-517-CJ-G01,Home Blood Glucose Monitor Package,ByzJnOlLgqM8SqSb,Lancet,FALSE,EA-9FB-C6PUZ-CEF,,"Lancet, Dexcom, CGM, Box (400)",LNCT,Brand,Dexcom,,,,,Gauge,N/A,,,,,Incision Depth,N/A,,,,,Unit,Box (400)
ZXJ6D-517-CJ-G01,Home Blood Glucose Monitor Package,ByzJnOlLgqM8SqSb,Lancet,FALSE,J64-3F-HIJI-FTKD,980128,"Lancet, Assure, 30G, N/A, Box (100)",A4259,,,,,Brand,Assure Lance,,,,,Gauge,30G,,,,,Incision Depth,N/A,,
ZXJ6D-517-CJ-G01,Home Blood Glucose Monitor Package,ByzJnOlLgqM8SqSb,Lancet,FALSE,JT-2M-3VDJN-TCI2,585,"Lancet, Unilet, 33G, N/A, Box (100)",A4259,,,Brand,Unilet,,,,,Gauge,33G,,,,,Incision Depth,N/A,,,,
ZXJ6D-517-CJ-G01,Home Blood Glucose Monitor Package,ByzJnOlLgqM8SqSb,Lancet,FALSE,K0-8B-6P3SL-GJKS,,"Lancet, TRUEplus, 33G, N/A, Box (100)",A4259,Brand,TRUEplus,,,,,Gauge,33G,,,,,Incision Depth,N/A,,,,,Unit,Box (100)
ZXJ6D-517-CJ-G01,Home Blood Glucose Monitor Package,ByzJnOlLgqM8SqSb,Lancet,FALSE,KQXQF-A5X8-71-FX,,"Lancet, McKesson, 30G, 1.8MM, Box (100)",A4259,,,Brand,McKesson,,,,,Gauge,30G,,,,,Incision Depth,1.8MM,,,,
ZXJ6D-517-CJ-G01,Home Blood Glucose Monitor Package,ByzJnOlLgqM8SqSb,Lancet,FALSE,MYZK-R5-CN-N8FIS,,"Lancet, OneTouch Delica, 33G, N/A, Each (1)",A4259,,,Brand,OneTouch Delica,,,,,Gauge,33G,,,,,Incision Depth,N/A,,,,
ZXJ6D-517-CJ-G01,Home Blood Glucose Monitor Package,ByzJnOlLgqM8SqSb,Lancet,FALSE,N4c5Xa3iNlvfujSK,,"Lancet, Unistik 2 Normal, 21G, 2.4MM, Each (1)",A4259,,,Brand,Unistik 2 Normal,,,,,Gauge,21G,,,,,Incision Depth,2.4MM,,,,
ZXJ6D-517-CJ-G01,Home Blood Glucose Monitor Package,ByzJnOlLgqM8SqSb,Lancet,FALSE,PF-7ZQ-Q4Z-C435N,,"Lancet, Lite Touch, 30G, N/A, Box (50)",A4259,,,Brand,Lite Touch,,,,,Gauge,30G,,,,,Incision Depth,N/A,,,,
ZXJ6D-517-CJ-G01,Home Blood Glucose Monitor Package,ByzJnOlLgqM8SqSb,Lancet,FALSE,XGT-GXU-M2JZR-6P,,"Lancet, Unistik 2 Low Flow, 28G, 1.8MM, Box (100)",A4259,,,Brand,Unistik 2 Low Flow,,,,,Gauge,28G,,,,,Incision Depth,1.8MM,,,,
ZXJ6D-517-CJ-G01,Home Blood Glucose Monitor Package,ByzJnOlLgqM8SqSb,Lancet,FALSE,nUdmo8jyXLjabCwX,,"Lancet, Droplet, 30G, N/A, Each (1)",A4259,,,,,Brand,Droplet,,,,,Gauge,30G,,,,,Incision Depth,N/A,,
ZXJ6D-517-CJ-G01,Home Blood Glucose Monitor Package,ByzJnOlLgqM8SqSb,Lancet,FALSE,p0Z8ut6scOpGHlXg,,"Lancet, Ultrasoft, 28G, N/A, Each (1)",A4259,Brand,Ultrasoft,,,,,Gauge,28G,,,,,Incision Depth,N/A,,,,,Unit,Each (1)
ZXJ6D-517-CJ-G01,Home Blood Glucose Monitor Package,ByzJnOlLgqM8SqSb,Lancet,FALSE,sFiSipJBptr9y0wn,,"Lancet, Medline, 21G, 2.4MM, Box (200)",A4259,Brand,Medline,,,,,Gauge,21G,,,,,Incision Depth,2.4MM,,,,,Unit,Box (200)
ZXJ6D-517-CJ-G01,Home Blood Glucose Monitor Package,ByzJnOlLgqM8SqSb,Lancet,FALSE,tKFomVrgLp10zpK7,,"Lancet, Microlet, 25G, 2.0MM, Each (1)",A4259,,,Brand,Microlet,,,,,Gauge,25G,,,,,Incision Depth,2.0MM,,,,
ZXJ6D-517-CJ-G01,Home Blood Glucose Monitor Package,ByzJnOlLgqM8SqSb,Lancet,FALSE,tfjRmLBuebwrn3VE,,"Lancet, Unistik 2, 28G, 1.8MM, Each (1)",A4259,,,Brand,Unistik 2,,,,,Gauge,28G,,,,,Incision Depth,1.8MM,,,,
ZXJ6D-517-CJ-G01,Home Blood Glucose Monitor Package,DVBD1-SRC8I-31HL,Integrated Lancet/Test Cartridge,FALSE,Q4P-MHX5-6KNH-EF,,"Integrated Lancet/Test Cartridge, Pack (5)",A4271,Integrated Lancet/Test Cartridge Brand,POGO,Integrated Lancet/Test Cartridge Unit,Pack (5),,,,,,,,,,,,,,,,
ZXJ6D-517-CJ-G01,Home Blood Glucose Monitor Package,H85S-E7-RY8-I81G,Glucose Control Solution,FALSE,24F-RN-ZLU-GY4P5,,Glucose Control Solution,A4256,,,,,,,,,,,,,,,,,,,,
ZXJ6D-517-CJ-G01,Home Blood Glucose Monitor Package,H85S-E7-RY8-I81G,Glucose Control Solution,FALSE,4X-YZP8-C0ZS-3J2,,"Glucose Control Solution, 4 per year",A4256,,,,,,,,,,,,,,,,,,,,
ZXJ6D-517-CJ-G01,Home Blood Glucose Monitor Package,H85S-E7-RY8-I81G,Glucose Control Solution,FALSE,I79-Q1DK-5653-R3,,Glucose Control Solution (CGM),CONSOL,,,,,,,,,,,,,,,,,,,,
ZXJ6D-517-CJ-G01,Home Blood Glucose Monitor Package,K6J-50KQ-31D-2S1,Insulin,FALSE,CK-6GK6-NF3R7-VG,,Insulin,J1817,,,,,Type of Insulin,N/A,,,,,,,,,,,,,,
ZXJ6D-517-CJ-G01,Home Blood Glucose Monitor Package,K6J-50KQ-31D-2S1,Insulin,FALSE,EG9-LD4-CXFD-JLK,,"Insulin Aspart, 100 units/mL, dispense 9 10 mL vials every 90 days, use as directed per prescriber via insulin pump, 4 refills",J1817,,,,,Type of Insulin,Aspart,,,,,,,,,,,,,,
ZXJ6D-517-CJ-G01,Home Blood Glucose Monitor Package,K6J-50KQ-31D-2S1,Insulin,FALSE,U2CU9-4P7PH-LN0F,,"Insulin Lispro, 100 units/mL, dispense 9 10 mL vials every 90 days, use as directed per prescriber via insulin pump, 4 refills",J1817,,,,,Type of Insulin,Lispro,,,,,,,,,,,,,,
ZXJ6D-517-CJ-G01,Home Blood Glucose Monitor Package,LGHU-K4-F0-2T58E,Lancing Device (Diabetes),FALSE,0S9P-YFC2D-LJ-81,,"Lancing Device (Diabetes), 2 per year",A4258,,,,,,,,,,,,,,,,,,,,
ZXJ6D-517-CJ-G01,Home Blood Glucose Monitor Package,LGHU-K4-F0-2T58E,Lancing Device (Diabetes),FALSE,ES18F-RHZTF-35LN,,"Lancing Device (Diabetes), Refills if billed with: Rx- 3, Med- Lifetime",LNCTD,,,,,,,,,,,,,,,,,,,,
ZXJ6D-517-CJ-G01,Home Blood Glucose Monitor Package,LGHU-K4-F0-2T58E,Lancing Device (Diabetes),FALSE,J2UYA-4G9AX-Z0ZK,,Lancing Device (Diabetes),LNCTD,,,,,,,,,,,,,,,,,,,,
ZXJ6D-517-CJ-G01,Home Blood Glucose Monitor Package,LTJCE-PRT-H6-SYS,Pen Syringes (Diabetes),FALSE,V3-TS-K0G-5AZ-DX,,"Pen Syringes, Size to Patient Preference",A4206,,,,,,,,,,,,,,,,,,,,
ZXJ6D-517-CJ-G01,Home Blood Glucose Monitor Package,LTJCE-PRT-H6-SYS,Pen Syringes (Diabetes),FALSE,ZH3-BMJ3C-01-DIB,,Pen Syringes (Diabetes),PSYRGE,,,,,,,,,,,,,,,,,,,,
ZXJ6D-517-CJ-G01,Home Blood Glucose Monitor Package,M24EP-CACU-8B-R2,Ketone Strips,FALSE,8PF-YTI-868D-852,,Ketone Strips,A4250,,,,,,,,,,,,,,,,,,,,
ZXJ6D-517-CJ-G01,Home Blood Glucose Monitor Package,M24EP-CACU-8B-R2,Ketone Strips,FALSE,B26AN-K5R9-NC-H8,,Ketone Strips,A4252,,,,,,,,,,,,,,,,,,,,
ZXJ6D-517-CJ-G01,Home Blood Glucose Monitor Package,M24EP-CACU-8B-R2,Ketone Strips,FALSE,NUD-2JRS-Y3HP-5J,,Ketone Strips,,,,,,,,,,,,,,,,,,,,,
ZXJ6D-517-CJ-G01,Home Blood Glucose Monitor Package,M24EP-CACU-8B-R2,Ketone Strips,FALSE,P2-CDCN-GID-R4G9,,Ketone Strips,KETONE,,,,,,,,,,,,,,,,,,,,
ZXJ6D-517-CJ-G01,Home Blood Glucose Monitor Package,VAD-TQ5D-XRV-YNL,Home Blood Glucose Monitor,TRUE,3PH3-QT-134-YQB5,,"Home Blood Glucose Monitor, True Metrix",E0607,Home Blood Glucose Monitor Brand,True Metrix,,,,,,,,,,,,,,,,,,
ZXJ6D-517-CJ-G01,Home Blood Glucose Monitor Package,VAD-TQ5D-XRV-YNL,Home Blood Glucose Monitor,TRUE,5L2X0-0YPXE-UBCU,,"Home Blood Glucose Monitor, Contour Next EZ",E0607,,,Home Blood Glucose Monitor Brand,Contour Next EZ,,,,,,,,,,,,,,,,
ZXJ6D-517-CJ-G01,Home Blood Glucose Monitor Package,VAD-TQ5D-XRV-YNL,Home Blood Glucose Monitor,TRUE,630-JT62-9H-LRYL,,"Home Blood Glucose Monitor, Abbott Freestyle Precision Neo",E0607,,,Home Blood Glucose Monitor Brand,Abbott Freestyle Precision Neo,,,,,,,,,,,,,,,,
ZXJ6D-517-CJ-G01,Home Blood Glucose Monitor Package,VAD-TQ5D-XRV-YNL,Home Blood Glucose Monitor,TRUE,6XV6-476-MH9-MDR,,"Home Blood Glucose Monitor, Lifescan One Touch Verio",E0607,,,Home Blood Glucose Monitor Brand,Lifescan One Touch Verio,,,,,,,,,,,,,,,,
ZXJ6D-517-CJ-G01,Home Blood Glucose Monitor Package,VAD-TQ5D-XRV-YNL,Home Blood Glucose Monitor,TRUE,73Q-T0I2-52V0-7U,,"Home Blood Glucose Monitor, Prodigy AutoCode",E0607,,,Home Blood Glucose Monitor Brand,Prodigy AutoCode,,,,,,,,,,,,,,,,
ZXJ6D-517-CJ-G01,Home Blood Glucose Monitor Package,VAD-TQ5D-XRV-YNL,Home Blood Glucose Monitor,TRUE,AK-0R0EJ-JCNY-1J,,"Home Blood Glucose Monitor, Contour",E0607,Home Blood Glucose Monitor Brand,Contour,,,,,,,,,,,,,,,,,,
ZXJ6D-517-CJ-G01,Home Blood Glucose Monitor Package,VAD-TQ5D-XRV-YNL,Home Blood Glucose Monitor,TRUE,BIMCS-689R-EH-Z8,,Home Blood Glucose Monitor,E0607,,,Home Blood Glucose Monitor Brand,N/A,,,,,,,,,,,,,,,,
ZXJ6D-517-CJ-G01,Home Blood Glucose Monitor Package,VAD-TQ5D-XRV-YNL,Home Blood Glucose Monitor,TRUE,C1R1-QCQXY-Y4-RK,,"Home Blood Glucose Monitor, On Call Express",E0607,,,Home Blood Glucose Monitor Brand,On Call Express,,,,,,,,,,,,,,,,
ZXJ6D-517-CJ-G01,Home Blood Glucose Monitor Package,VAD-TQ5D-XRV-YNL,Home Blood Glucose Monitor,TRUE,CDBN-G1-SDC0-125,,"Home Blood Glucose Monitor, Contour Next",E0607,Home Blood Glucose Monitor Brand,Contour Next,,,,,,,,,,,,,,,,,,
ZXJ6D-517-CJ-G01,Home Blood Glucose Monitor Package,VAD-TQ5D-XRV-YNL,Home Blood Glucose Monitor,TRUE,CM-J9NV-VHXAD-92,,"Home Blood Glucose Monitor, Advocate",E0607,Home Blood Glucose Monitor Brand,Advocate,,,,,,,,,,,,,,,,,,
ZXJ6D-517-CJ-G01,Home Blood Glucose Monitor Package,VAD-TQ5D-XRV-YNL,Home Blood Glucose Monitor,TRUE,D9VF-YH-BN-5A-HM,,"Home Blood Glucose Monitor, Lifescan One Touch Ultra",E0607,,,Home Blood Glucose Monitor Brand,Lifescan One Touch Ultra,,,,,,,,,,,,,,,,
ZXJ6D-517-CJ-G01,Home Blood Glucose Monitor Package,VAD-TQ5D-XRV-YNL,Home Blood Glucose Monitor,TRUE,MLQG-9JU4E-5B-CG,,"Home Blood Glucose Monitor, Abbott Freestyle",E0607,,,Home Blood Glucose Monitor Brand,Abbott Freestyle,,,,,,,,,,,,,,,,
ZXJ6D-517-CJ-G01,Home Blood Glucose Monitor Package,VAD-TQ5D-XRV-YNL,Home Blood Glucose Monitor,TRUE,Q4YX-1MD7T-YBJY0,,"Home Blood Glucose Monitor, Contour Next One",E0607,,,Home Blood Glucose Monitor Brand,Contour Next One,,,,,,,,,,,,,,,,
ZXJ6D-517-CJ-G01,Home Blood Glucose Monitor Package,VAD-TQ5D-XRV-YNL,Home Blood Glucose Monitor,TRUE,RA6-1DF-THM-GKS7,,"Home Blood Glucose Monitor, Oaktree EasyMax",E0607,Home Blood Glucose Monitor Brand,Oaktree EasyMax,,,,,,,,,,,,,,,,,,
ZXJ6D-517-CJ-G01,Home Blood Glucose Monitor Package,VAD-TQ5D-XRV-YNL,Home Blood Glucose Monitor,TRUE,XU-M29Y-E9SB8-UP,,"Home Blood Glucose Monitor, EasyMax NG",E0607,Home Blood Glucose Monitor Brand,EasyMax NG,,,,,,,,,,,,,,,,,,
ZXJ6D-517-CJ-G01,Home Blood Glucose Monitor Package,VAD-TQ5D-XRV-YNL,Home Blood Glucose Monitor,TRUE,ZU1-KLDC-RV-81E5,,"Home Blood Glucose Monitor, Contour TS",E0607,,,Home Blood Glucose Monitor Brand,Contour TS,,,,,,,,,,,,,,,,
ZXJ6D-517-CJ-G01,Home Blood Glucose Monitor Package,ZM-2Z0-1EUV1-DMI,Sterile Wipes (Diabetes),FALSE,89HAN-D1DX-02-QR,,Sterile Wipes (Diabetes),,,,,,,,,,,,,,,,,,,,,
ZXJ6D-517-CJ-G01,Home Blood Glucose Monitor Package,ZM-2Z0-1EUV1-DMI,Sterile Wipes (Diabetes),FALSE,CRMNU-BYP-3A-BHB,,Sterile Wipes (Diabetes),STLWPE,,,,,,,,,,,,,,,,,,,,
ZXJ6D-517-CJ-G01,Home Blood Glucose Monitor Package,ZM-2Z0-1EUV1-DMI,Sterile Wipes (Diabetes),FALSE,DC-T6-X8E-Q1-XPZ,,"Sterile Wipes (Diabetes), Box (200)",A4245,,,,,,,,,,,,,,,,,,,,
ZXJ6D-517-CJ-G01,Home Blood Glucose Monitor Package,ZM-2Z0-1EUV1-DMI,Sterile Wipes (Diabetes),FALSE,KP-VTSUR-XBLR-UT,,Sterile Wipes (Diabetes),A5120,,,,,,,,,,,,,,,,,,,,
ZXJ6D-517-CJ-G01,Home Blood Glucose Monitor Package,ZM-2Z0-1EUV1-DMI,Sterile Wipes (Diabetes),FALSE,TRH5-FT-R0RBV-J0,,Sterile Wipes (Diabetes),A4245,,,,,,,,,,,,,,,,,,,,
ZXJ6D-517-CJ-G01,Home Blood Glucose Monitor Package,cTElLEzXTuzMZ8uy,Blood Glucose Test Strips,FALSE,2rjN2nIJiGuJYlKi,,"Blood Glucose Test Strips, Breeze 2, Box (50)",A4253,,,,,Blood Glucose System,Breeze 2,,,,,,,Unit Amount,Box (50),,,,,,
ZXJ6D-517-CJ-G01,Home Blood Glucose Monitor Package,cTElLEzXTuzMZ8uy,Blood Glucose Test Strips,FALSE,3TST-SE-8D-YG-H1,,"Blood Glucose Test Strips, One Touch Blue, Box (50)",A4253,,,,,,,Blood Glucose System,One Touch Blue,,,,,,,Unit Amount,Box (50),,,,
ZXJ6D-517-CJ-G01,Home Blood Glucose Monitor Package,cTElLEzXTuzMZ8uy,Blood Glucose Test Strips,FALSE,3wjkT52k9DtpgRdD,,"Blood Glucose Test Strips, Prodigy Auto, Box (50)",A4253,,,,,Blood Glucose System,Prodigy Auto,,,,,,,Unit Amount,Box (50),,,,,,
ZXJ6D-517-CJ-G01,Home Blood Glucose Monitor Package,cTElLEzXTuzMZ8uy,Blood Glucose Test Strips,FALSE,4AEXI-DVP-R4-1HI,,"Blood Glucose Test Strips, Contour TS, Box (50)",A4253,,,Blood Glucose System,Contour TS,,,,,,,Unit Amount,Box (50),,,,,,,,
ZXJ6D-517-CJ-G01,Home Blood Glucose Monitor Package,cTElLEzXTuzMZ8uy,Blood Glucose Test Strips,FALSE,4PJ5-LC458-QCL5Z,,"Blood Glucose Test Strips, Advocate, Box (50)",A4253,Blood Glucose System,Advocate,,,,,,,Unit Amount,Box (50),,,,,,,,,,
ZXJ6D-517-CJ-G01,Home Blood Glucose Monitor Package,cTElLEzXTuzMZ8uy,Blood Glucose Test Strips,FALSE,5H-QC-FR63A-UQEA,,"Blood Glucose Test Strips, Dexcom G6, CGM, Box (400)",BLDSTRP,,,,,Blood Glucose System,Dexcom G6,,,,,,,Unit Amount,Box (400),,,,,,
ZXJ6D-517-CJ-G01,Home Blood Glucose Monitor Package,cTElLEzXTuzMZ8uy,Blood Glucose Test Strips,FALSE,5L4KM-U8-LC0-4RX,,"Blood Glucose Test Strips, Oaktree EasyMax, Box (50)",A4253,,,,,Blood Glucose System,Oaktree EasyMax,,,,,,,Unit Amount,Box (50),,,,,,
ZXJ6D-517-CJ-G01,Home Blood Glucose Monitor Package,cTElLEzXTuzMZ8uy,Blood Glucose Test Strips,FALSE,Ac4FXkqlEhnxUKOc,,"Blood Glucose Test Strips, Ultra Trak Pro, Box (50)",A4253,,,,,Blood Glucose System,Ultra Trak Pro,,,,,,,Unit Amount,Box (50),,,,,,
ZXJ6D-517-CJ-G01,Home Blood Glucose Monitor Package,cTElLEzXTuzMZ8uy,Blood Glucose Test Strips,FALSE,BR-S8-IMR87-ZXI5,,"Blood Glucose Test Strips, Libre 2, CGM, Box (400)",BLDSTRP,,,,,Blood Glucose System,Libre 2,,,,,,,Unit Amount,Box (400),,,,,,
ZXJ6D-517-CJ-G01,Home Blood Glucose Monitor Package,cTElLEzXTuzMZ8uy,Blood Glucose Test Strips,FALSE,BT-AZ02-0SZFE-AT,,"Blood Glucose Test Strips, Home Aide Diagnostics, Box (50)",A4253,,,,,Blood Glucose System,Home Aide Diagnostics,,,,,,,Unit Amount,Box (50),,,,,,
ZXJ6D-517-CJ-G01,Home Blood Glucose Monitor Package,cTElLEzXTuzMZ8uy,Blood Glucose Test Strips,FALSE,BY-9X6-A4P9S-BMZ,,"Blood Glucose Test Strips, Medtronic, CGM, Box (400)",BLDSTRP,,,Blood Glucose System,Medtronic,,,,,,,Unit Amount,Box (400),,,,,,,,
ZXJ6D-517-CJ-G01,Home Blood Glucose Monitor Package,cTElLEzXTuzMZ8uy,Blood Glucose Test Strips,FALSE,DG8L8-8M-72C-U6L,,"Blood Glucose Test Strips, Box (50)",A4253,,,,,,,Blood Glucose System,n/a,,,,,,,Unit Amount,Box (50),,,,
ZXJ6D-517-CJ-G01,Home Blood Glucose Monitor Package,cTElLEzXTuzMZ8uy,Blood Glucose Test Strips,FALSE,E4UN6-LQ-1BS-FAS,,"Blood Glucose Test Strips, Caresense Box (50)",A4253,,,Blood Glucose System,CareSense,,,,,,,Unit Amount,Box (50),,,,,,,,
ZXJ6D-517-CJ-G01,Home Blood Glucose Monitor Package,cTElLEzXTuzMZ8uy,Blood Glucose Test Strips,FALSE,Hqyo9RsEJJxNDALz,,"Blood Glucose Test Strips, Bayer Contour, Box (50)",A4253,,,,,,,Blood Glucose System,Bayer Contour,,,,,,,Unit Amount,Box (50),,,,
ZXJ6D-517-CJ-G01,Home Blood Glucose Monitor Package,cTElLEzXTuzMZ8uy,Blood Glucose Test Strips,FALSE,J9L0-9UV6-QG6-UK,,"Blood Glucose Test Strips, Gmate, Box (50)",A4253,,,,,Blood Glucose System,Gmate,,,,,,,Unit Amount,Box (50),,,,,,
ZXJ6D-517-CJ-G01,Home Blood Glucose Monitor Package,cTElLEzXTuzMZ8uy,Blood Glucose Test Strips,FALSE,MLT8ms9yRR3Va1uA,,"Blood Glucose Test Strips, TRUEtrack, Box (100)",A4253,Blood Glucose System,TRUEtrack,,,,,,,Unit Amount,Box (100),,,,,,,,,,
ZXJ6D-517-CJ-G01,Home Blood Glucose Monitor Package,cTElLEzXTuzMZ8uy,Blood Glucose Test Strips,FALSE,Mikj6Khha6rvTQLK,,"Blood Glucose Test Strips, Evencare G2, Box (50)",A4253,,,Blood Glucose System,Evencare G2,,,,,,,Unit Amount,Box (50),,,,,,,,
ZXJ6D-517-CJ-G01,Home Blood Glucose Monitor Package,cTElLEzXTuzMZ8uy,Blood Glucose Test Strips,FALSE,Q8-S0F3-T8EH4-10,,"Blood Glucose Test Strips, Freestyle Lite, Box (50)",A4253,,,,,,,Blood Glucose System,Freestyle Lite,,,,,,,Unit Amount,Box (50),,,,
ZXJ6D-517-CJ-G01,Home Blood Glucose Monitor Package,cTElLEzXTuzMZ8uy,Blood Glucose Test Strips,FALSE,SFS-1D-02LXK-FHQ,,"Blood Glucose Test Strips, Freestyle Precision Neo, Box (50)",A4253,,,Blood Glucose System,Freestyle Precision Neo,,,,,,,Unit Amount,Box (50),,,,,,,,
ZXJ6D-517-CJ-G01,Home Blood Glucose Monitor Package,cTElLEzXTuzMZ8uy,Blood Glucose Test Strips,FALSE,TB-AR7S-DCP1-GFT,5300050,"Blood Glucose Test Strips, Assure Prism, Case (240)",A4253,,,Blood Glucose System,Assure Prism,,,,,,,Unit Amount,Case (240),,,,,,,,
ZXJ6D-517-CJ-G01,Home Blood Glucose Monitor Package,cTElLEzXTuzMZ8uy,Blood Glucose Test Strips,FALSE,TJ8D-EXLXI-82-LY,,"Blood Glucose Test Strips, VivaGuard, Box (100)",A4253,Blood Glucose System,VivaGuard,,,,,,,Unit Amount,Box (100),,,,,,,,,,
ZXJ6D-517-CJ-G01,Home Blood Glucose Monitor Package,cTElLEzXTuzMZ8uy,Blood Glucose Test Strips,FALSE,U9IGeeNyKeApFHNA,,"Blood Glucose Test Strips, Aviva Accu-Check, Box (50)",A4253,,,Blood Glucose System,Aviva Accu-Check,,,,,,,Unit Amount,Box (50),,,,,,,,
ZXJ6D-517-CJ-G01,Home Blood Glucose Monitor Package,cTElLEzXTuzMZ8uy,Blood Glucose Test Strips,FALSE,UY-TC-4KA-KHE-2C,,"Blood Glucose Test Strips, Embrace Talk, Box (50)",A4253,Blood Glucose System,Embrace Talk,,,,,,,Unit Amount,Box (50),,,,,,,,,,
ZXJ6D-517-CJ-G01,Home Blood Glucose Monitor Package,cTElLEzXTuzMZ8uy,Blood Glucose Test Strips,FALSE,V7S-VIQ-TBX-1PTF,,"Blood Glucose Test Strips, Bayer Ascensia, Box (50)",A4253,,,,,Blood Glucose System,Bayer Ascensia,,,,,,,Unit Amount,Box (50),,,,,,
ZXJ6D-517-CJ-G01,Home Blood Glucose Monitor Package,cTElLEzXTuzMZ8uy,Blood Glucose Test Strips,FALSE,VE-16-UDL-7C8-EH,,"Blood Glucose Test Strips, VivaGuard, Box (50)",A4253,Blood Glucose System,VivaGuard,,,,,,,Unit Amount,Box (50),,,,,,,,,,
ZXJ6D-517-CJ-G01,Home Blood Glucose Monitor Package,cTElLEzXTuzMZ8uy,Blood Glucose Test Strips,FALSE,VQOKBOSP6uMbb32R,,"Blood Glucose Test Strips, Freestyle Lite, Box (100)",A4253,,,,,Blood Glucose System,Freestyle Lite,,,,,,,Unit Amount,Box (100),,,,,,
ZXJ6D-517-CJ-G01,Home Blood Glucose Monitor Package,cTElLEzXTuzMZ8uy,Blood Glucose Test Strips,FALSE,YTGX-JL-PK3T-T2X,5500050,"Blood Glucose Test Strips, Assure Platinum, Box (50)",A4253,,,,,,,Blood Glucose System,Assure Platinum,,,,,,,Unit Amount,Box (50),,,,
ZXJ6D-517-CJ-G01,Home Blood Glucose Monitor Package,cTElLEzXTuzMZ8uy,Blood Glucose Test Strips,FALSE,ZJ9Y-SLIH-9V-90N,2297804,"Blood Glucose Test Strips, One Touch Verio, Box (50)",A4253,,,Blood Glucose System,One Touch Verio,,,,,,,Unit Amount,Box (50),,,,,,,,
ZXJ6D-517-CJ-G01,Home Blood Glucose Monitor Package,cTElLEzXTuzMZ8uy,Blood Glucose Test Strips,FALSE,ZT-ICUPZ-DXQ0-FU,,"Blood Glucose Test Strips, True Metrix, Box (50)",A4253,,,Blood Glucose System,True Metrix,,,,,,,Unit Amount,Box (50),,,,,,,,
ZXJ6D-517-CJ-G01,Home Blood Glucose Monitor Package,cTElLEzXTuzMZ8uy,Blood Glucose Test Strips,FALSE,fhkKPOYNweUwyqBu,,"Blood Glucose Test Strips, TRUEresult, Box (50)",A4253,,,Blood Glucose System,TRUEresult,,,,,,,Unit Amount,Box (50),,,,,,,,
ZXJ6D-517-CJ-G01,Home Blood Glucose Monitor Package,cTElLEzXTuzMZ8uy,Blood Glucose Test Strips,FALSE,nrd3CLEhLyn3Z0FU,,"Blood Glucose Test Strips, One Touch Ultra, Box (50)",A4253,,,Blood Glucose System,One Touch Ultra,,,,,,,Unit Amount,Box (50),,,,,,,,
ZXJ6D-517-CJ-G01,Home Blood Glucose Monitor Package,cTElLEzXTuzMZ8uy,Blood Glucose Test Strips,FALSE,o0krVrCzEs8E2JRp,,"Blood Glucose Test Strips, Prodigy Voice, Box (50)",A4253,,,Blood Glucose System,Prodigy Voice,,,,,,,Unit Amount,Box (50),,,,,,,,
ZXJ6D-517-CJ-G01,Home Blood Glucose Monitor Package,cTElLEzXTuzMZ8uy,Blood Glucose Test Strips,FALSE,qKorw5rsLmb5RwX1,,"Blood Glucose Test Strips, Contour, Box (50)",A4253,Blood Glucose System,Contour,,,,,,,Unit Amount,Box (50),,,,,,,,,,
ZXJ6D-517-CJ-G01,Home Blood Glucose Monitor Package,cTElLEzXTuzMZ8uy,Blood Glucose Test Strips,FALSE,qp3ItHgp1ihGizS2,,"Blood Glucose Test Strips, TRUEbalance, Box (50)",A4253,,,,,,,Blood Glucose System,TRUEbalance,,,,,,,Unit Amount,Box (50),,,,
ZXJ6D-517-CJ-G01,Home Blood Glucose Monitor Package,cTElLEzXTuzMZ8uy,Blood Glucose Test Strips,FALSE,xAdZQHwiL50IQCnQ,,"Blood Glucose Test Strips, Bayer Contour Next, Box (50)",A4253,,,,,,,Blood Glucose System,Bayer Contour Next,,,,,,,Unit Amount,Box (50),,,,
ZXJ6D-517-CJ-G01,Home Blood Glucose Monitor Package,cTElLEzXTuzMZ8uy,Blood Glucose Test Strips,FALSE,ycqqMk77FxL2iFL0,,"Blood Glucose Test Strips, Freestyle, Box (50)",A4253,Blood Glucose System,Freestyle,,,,,,,Unit Amount,Box (50),,,,,,,,,,
